IdProvincia;IdEstacion;Año;Semana;Temp Media (ºC);Temp Máx (ºC);Hora Temp Max;Temp Mín (ºC);Hora Temp Mín;Hum Media (%);Hum Max (%);Hora Hum Max;Humedad Mín (%);Hora Humedad Mín;Vel Viento (m/s);Dir Viento (º);Vel Viento Máx (m/s);Hora Vel Máx Viento;Dir viento Vel Max (º);Radiación (MJ/m2);Precipitación (mm);PePMon;EtPMon;Fecha
30;107;2014;49;11,6;22,07;01/12/2014 13:39;5,37;06/12/2014 3:33;61,2;92,3;04/12/2014 6:28;28,25;07/12/2014 15:42;0,77;264,01;7,35;06/12/2014 15:35;279,1;10,56;2,4;0;7,6;01/12/2014
30;107;2014;50;10,54;19,87;11/12/2014 13:06;3,46;12/12/2014 1:34;61,53;92,4;14/12/2014 18:33;17,3;10/12/2014 13:25;0,91;255,18;7,35;08/12/2014 21:18;216,5;9,15;7,3;3,63;7,81;08/12/2014
30;107;2014;51;11,45;19,93;19/12/2014 13:55;5,46;19/12/2014 5:35;71,27;93,3;20/12/2014 1:25;33,48;17/12/2014 13:01;0,74;261,79;6,76;17/12/2014 3:37;306,7;8,96;3,3;0,43;6,79;15/12/2014
30;107;2014;52;9,98;18,23;27/12/2014 14:49;2,75;25/12/2014 7:37;71,16;92,2;24/12/2014 3:03;32,24;24/12/2014 15:12;0,89;258,24;8,04;28/12/2014 6:27;245,4;9,19;0;0;7,5;22/12/2014
30;107;2014;53;6,62;17,4;31/12/2014 14:34;-0,92;31/12/2014 6:28;38,03;63,9;30/12/2014 20:43;11,52;30/12/2014 13:56;1,11;272,09;8,23;29/12/2014 1:04;301,1;11,37;0;0;3,97;29/12/2014
30;107;2015;1;9,12;22,65;04/01/2015 13:42;0,31;02/01/2015 7:10;59,98;90,3;02/01/2015 22:43;14;04/01/2015 13:31;0,73;238,54;5,78;04/01/2015 10:15;268,4;10,91;0;0;4,55;01/01/2015
30;107;2015;2;8,85;22,79;11/01/2015 11:59;0,11;10/01/2015 6:15;68,21;94;06/01/2015 7:37;11,95;11/01/2015 13:15;0,65;253,85;4,51;06/01/2015 12:53;231,5;10,92;0;0;7,14;05/01/2015
30;107;2015;3;9,58;20,11;15/01/2015 13:28;-0,46;18/01/2015 5:17;64,02;93;16/01/2015 4:28;19,55;17/01/2015 15:04;0,79;254,17;8,82;16/01/2015 12:57;249,9;9,39;1,4;0;8,06;12/01/2015
30;107;2015;4;8,72;17,66;25/01/2015 14:47;1,18;21/01/2015 6:32;50,96;93,4;19/01/2015 6:18;13,83;25/01/2015 14:41;1,13;287,01;11,27;23/01/2015 10:12;240,4;10,32;9,8;5,47;10,07;19/01/2015
30;107;2015;5;12,17;24,6;30/01/2015 12:51;2,22;27/01/2015 5:42;48,57;89,9;28/01/2015 23:15;19,58;26/01/2015 13:23;1,75;258,11;12,15;31/01/2015 0:38;238,2;13,16;0,9;0;15,89;26/01/2015
30;107;2015;6;8,11;18,08;03/02/2015 14:36;-1,13;07/02/2015 4:44;42,44;78,35;08/02/2015 21:56;15,76;06/02/2015 13:58;1,71;265,51;13,52;04/02/2015 9:41;327,3;13,75;0;0;14,5;02/02/2015
30;107;2015;7;10,44;21,24;15/02/2015 12:47;-0,96;09/02/2015 4:01;71,62;93,1;10/02/2015 6:56;32,4;15/02/2015 12:49;1,06;317,77;8,82;09/02/2015 12:01;60,93;10,15;14,1;5,25;11,14;09/02/2015
30;107;2015;8;11,64;20,84;16/02/2015 12:52;3,9;21/02/2015 3:15;61,41;92,8;21/02/2015 3:54;19,38;22/02/2015 15:05;1,61;2,66;11,37;17/02/2015 14:06;69,95;10,5;1,8;0;13,72;16/02/2015
30;107;2015;9;14,79;22,82;01/03/2015 12:40;5,54;28/02/2015 1:35;41,12;82;28/02/2015 4:53;14,07;24/02/2015 14:26;1,56;282,44;12,64;25/02/2015 7:41;305,6;16,07;0;0;20,67;23/02/2015
30;107;2015;10;12,36;25,82;02/03/2015 13:08;0,68;07/03/2015 6:35;53,07;93,9;04/03/2015 8:09;9,44;05/03/2015 14:56;1,1;195,96;9,21;07/03/2015 12:33;162,4;19,2;0;0;19,49;02/03/2015
30;107;2015;11;12,73;27,12;11/03/2015 14:23;3,23;15/03/2015 6:13;62,32;93,2;10/03/2015 7:29;13,02;11/03/2015 13:01;1,08;198,56;8,82;15/03/2015 13:56;214,5;17,95;0;0;18,8;09/03/2015
30;107;2015;12;11,43;17,1;22/03/2015 12:26;3,2;17/03/2015 6:36;78,8;93,3;21/03/2015 7:06;42,63;16/03/2015 15:01;1,51;92,75;13,43;20/03/2015 12:53;64,87;11,36;27,4;12,17;12,95;16/03/2015
30;107;2015;13;15,2;29,16;29/03/2015 13:17;6,54;26/03/2015 5:48;57,35;93,2;23/03/2015 6:33;12,82;29/03/2015 12:22;1,51;278,44;10,88;28/03/2015 2:04;335,1;17,37;13,8;5,65;23,23;23/03/2015
30;107;2015;14;17,04;30,19;31/03/2015 12:15;7,58;03/04/2015 4:39;55,84;91,9;05/04/2015 6:25;14,06;30/03/2015 13:29;1,16;153,49;7,35;31/03/2015 12:13;91,6;22,91;0;0;27,23;30/03/2015
30;107;2015;15;12,99;18,46;10/04/2015 14:55;6,84;10/04/2015 5:28;68,14;91,3;12/04/2015 1:32;37,15;06/04/2015 12:39;1,97;61,49;10;12/04/2015 15:40;57,72;12,88;1,1;0;18,53;06/04/2015
30;107;2015;16;16,09;23,68;17/04/2015 11:49;8,92;18/04/2015 5:34;59,97;92,3;16/04/2015 3:59;29,31;19/04/2015 10:16;1,39;169,2;9,7;14/04/2015 14:53;51,88;20,08;5,3;1,93;25,42;13/04/2015
30;107;2015;17;17,03;26,25;25/04/2015 11:55;9,29;20/04/2015 5:02;64,55;91,2;23/04/2015 6:31;20,37;25/04/2015 10:57;1,2;141,47;10;21/04/2015 15:24;46,21;22,47;1;0;27,57;20/04/2015
30;107;2015;18;20,34;33,92;03/05/2015 13:19;11,06;29/04/2015 4:54;46,19;88,1;01/05/2015 5:34;14,33;03/05/2015 17:05;1,17;203,5;10,09;27/04/2015 3:18;257,5;27,11;0;0;35,54;27/04/2015
30;107;2015;19;22,1;32;04/05/2015 11:28;12,34;08/05/2015 4:46;45,53;91,5;10/05/2015 6:32;12,88;05/05/2015 14:20;1,13;162,37;7,55;10/05/2015 13:44;66,19;26,59;0;0;36,41;04/05/2015
30;107;2015;20;21,87;36,68;14/05/2015 10:14;10,06;17/05/2015 5:08;43,01;85,7;17/05/2015 1:32;3,92;13/05/2015 16:32;1,19;170,4;10,39;14/05/2015 11:23;213;29,65;0;0;40,37;11/05/2015
30;107;2015;21;18,15;28,56;19/05/2015 11:52;9,89;23/05/2015 3:06;59,23;84,8;22/05/2015 5:23;23,46;19/05/2015 11:56;1,23;97,86;7,64;19/05/2015 23:35;71,06;21,42;0;0;29,38;18/05/2015
30;107;2015;22;19,96;28,96;31/05/2015 11:46;11,33;26/05/2015 4:16;55,95;89;31/05/2015 5:46;24,53;29/05/2015 16:26;1,12;110,36;9,8;26/05/2015 15:18;172,5;25,85;0;0;34,63;25/05/2015
30;107;2015;23;21,94;29,89;07/06/2015 11:58;13;05/06/2015 4:53;49,07;91,8;02/06/2015 6:05;14,5;07/06/2015 11:52;1,14;87,09;9,21;04/06/2015 15:25;117,5;30,76;0;0;41,1;01/06/2015
30;107;2015;24;22,31;31,1;09/06/2015 11:06;15,48;09/06/2015 5:03;50,95;91,5;12/06/2015 3:21;20,63;09/06/2015 10:22;1,14;172;8,53;13/06/2015 15:14;183,6;25,57;5,7;2,41;36,28;08/06/2015
30;107;2015;25;22,32;30,99;21/06/2015 14:27;14,67;16/06/2015 2:37;48,84;87,7;21/06/2015 4:59;21,34;16/06/2015 12:24;1,04;168,73;7,64;16/06/2015 13:27;177,1;30,53;0;0;40,94;15/06/2015
30;107;2015;26;25,46;37,2;28/06/2015 12:51;17,12;26/06/2015 4:14;42,04;83,9;25/06/2015 5:09;9,96;28/06/2015 18:19;0,93;169,96;7,55;23/06/2015 14:32;180,5;30,33;0,3;0;42,71;22/06/2015
30;107;2015;27;26,67;35,13;29/06/2015 14:38;18,89;29/06/2015 4:48;51,15;80,2;03/07/2015 2:39;16;29/06/2015 14:33;1,2;85,33;9,7;01/07/2015 11:29;52,43;28,84;0;0;43,68;29/06/2015
30;107;2015;28;27,82;40,93;07/07/2015 13:45;19,42;12/07/2015 4:50;51,62;89;09/07/2015 3:29;10,19;07/07/2015 11:58;0,96;110,84;6,76;06/07/2015 13:04;105,1;29,12;0;0;44,11;06/07/2015
30;107;2015;29;27,22;35,66;16/07/2015 14:08;19,42;16/07/2015 3:47;57,64;88,5;18/07/2015 4:19;18,28;14/07/2015 15:04;0,88;117,28;6,86;19/07/2015 14:11;178,7;27,97;0;0;41,49;13/07/2015
30;107;2015;30;27,97;35,03;22/07/2015 12:59;20,45;22/07/2015 3:40;59,51;87,3;24/07/2015 5:32;23,35;24/07/2015 17:49;1,01;133,54;8,62;24/07/2015 15:41;174;27,61;0,3;0;42,07;20/07/2015
30;107;2015;31;27,9;38;27/07/2015 13:36;21,72;27/07/2015 4:43;64,38;89;27/07/2015 5:44;13,52;27/07/2015 18:00;1,1;105,01;8,04;01/08/2015 13:16;94,4;23,4;0,1;0;37,18;27/07/2015
30;107;2015;32;28,13;35,52;07/08/2015 12:10;21,29;03/08/2015 4:35;59,2;87,5;05/08/2015 5:32;25,93;04/08/2015 11:09;0,9;96,94;6,66;08/08/2015 19:06;108,1;21,41;0;0;34,24;03/08/2015
30;107;2015;33;27,38;38,93;13/08/2015 13:55;19,65;16/08/2015 5:27;56,4;90,7;11/08/2015 5:52;5,77;13/08/2015 14:25;0,91;157,52;8,53;13/08/2015 11:46;281,4;23,66;4,3;1,12;36,23;10/08/2015
30;107;2015;34;26,16;32,82;23/08/2015 10:55;19,12;22/08/2015 5:28;62,25;88,9;23/08/2015 5:51;20,63;23/08/2015 10:49;1,02;127,04;8,72;23/08/2015 16:34;196;24,49;0;0;35,65;17/08/2015
30;107;2015;35;25,51;32,38;27/08/2015 14:25;18,52;25/08/2015 5:30;59,66;88,4;28/08/2015 6:10;20,49;24/08/2015 11:51;0,96;93,93;12,35;29/08/2015 13:51;83,5;23,12;0;0;33,12;24/08/2015
30;107;2015;36;23,76;32,72;01/09/2015 11:52;17,21;06/09/2015 6:56;73,2;92,1;06/09/2015 9:10;34,56;04/09/2015 12:18;0,86;116,56;7,64;01/09/2015 13:28;177,5;15,73;37,4;20,87;23,72;31/08/2015
30;107;2015;37;21,44;29,69;11/09/2015 13:03;14,81;09/09/2015 5:50;76,52;92,3;11/09/2015 6:38;31,34;13/09/2015 23:59;0,61;164,16;7,25;13/09/2015 14:43;163,7;17,32;8;2,1;22,14;07/09/2015
30;107;2015;38;22,22;29,72;14/09/2015 12:25;14,23;18/09/2015 6:08;57,78;89;20/09/2015 6:02;16,88;20/09/2015 14:39;0,96;163,31;8,92;16/09/2015 13:12;184,7;21,98;0;0;27,53;14/09/2015
30;107;2015;39;21,74;32,66;22/09/2015 11:14;13,66;25/09/2015 5:39;62,74;90,2;27/09/2015 6:34;24,45;22/09/2015 11:17;0,83;167,56;7,35;22/09/2015 12:49;155,4;19,47;16,5;10,08;24,14;21/09/2015
30;107;2015;40;19,75;28,98;04/10/2015 14:31;13,63;02/10/2015 6:20;71,88;92,3;01/10/2015 6:37;24,46;02/10/2015 10:44;0,66;182,74;6,86;02/10/2015 15:31;193,4;15,84;0;0;18,34;28/09/2015
30;107;2015;41;20,98;31,93;05/10/2015 11:46;13,53;09/10/2015 5:37;63,91;90,8;11/10/2015 6:36;21,51;06/10/2015 15:48;0,72;186,75;7,74;06/10/2015 14:48;268,5;14,93;0;0;18,29;05/10/2015
30;107;2015;42;19,15;27,11;12/10/2015 12:29;13,03;15/10/2015 6:06;73,91;91,5;18/10/2015 6:47;38,47;14/10/2015 11:30;0,71;149,01;8,23;13/10/2015 12:01;152,6;14,5;0;0;15,92;12/10/2015
30;107;2015;43;17,06;24,03;19/10/2015 13:31;9,75;22/10/2015 6:40;80,09;92,9;24/10/2015 6:40;24,4;22/10/2015 12:36;0,44;46,48;5,68;19/10/2015 0:23;266,3;10,66;17,4;6,68;11,04;19/10/2015
30;107;2015;44;17;23,44;27/10/2015 15:19;8,78;29/10/2015 6:32;73,87;92,8;26/10/2015 7:10;30,35;29/10/2015 12:10;0,77;113,53;10,09;01/11/2015 23:36;346,1;11,72;2,7;0;12;26/10/2015
30;107;2015;45;16,12;24,43;05/11/2015 14:55;9,48;03/11/2015 5:35;77,78;93,1;08/11/2015 6:49;39,63;05/11/2015 14:31;0,63;212,39;9,21;02/11/2015 0:28;101,9;11,8;11,3;6,54;10,51;02/11/2015
30;107;2015;46;14,74;22,94;10/11/2015 12:45;9,31;11/11/2015 5:58;80,45;93,1;10/11/2015 7:31;47,43;10/11/2015 12:39;0,49;236,8;3,92;15/11/2015 14:44;171,4;11,21;0,1;0;8,82;09/11/2015
30;107;2015;47;14,31;26,21;20/11/2015 14:01;5,93;19/11/2015 6:33;60,95;92,8;16/11/2015 7:26;24,59;22/11/2015 14:42;0,62;253,66;7,55;22/11/2015 1:18;265,8;11,27;0,9;0;9,56;16/11/2015
30;107;2015;48;12,42;21,91;26/11/2015 14:23;2,93;24/11/2015 0:05;50,34;90,9;29/11/2015 22:57;13,7;26/11/2015 13:11;0,74;287,34;12,64;26/11/2015 9:33;323,8;11,44;0;0;8,88;23/11/2015
30;107;2015;49;10,9;21,78;02/12/2015 12:59;4,36;01/12/2015 1:28;76,48;93,4;04/12/2015 6:43;29,11;02/12/2015 12:59;0,5;237,17;4,51;03/12/2015 13:08;103,7;10,09;0,1;0;6,2;30/11/2015
30;107;2015;50;12,42;21;08/12/2015 14:56;7,28;13/12/2015 5:19;81,56;93,7;11/12/2015 8:23;39,75;08/12/2015 14:54;0,55;28,27;6,47;09/12/2015 13:19;52,09;6,78;2,7;0;5,88;07/12/2015
30;107;2015;51;12,5;23,96;16/12/2015 12:58;5,24;20/12/2015 7:07;62,53;92,7;21/12/2015 0:00;21,76;16/12/2015 12:54;0,57;251,15;5;16/12/2015 9:37;283;9,42;0,1;0;7,23;14/12/2015
30;107;2015;52;11,05;17,67;24/12/2015 12:54;5,86;25/12/2015 3:07;81,65;94,1;21/12/2015 8:37;55,49;26/12/2015 14:14;0,63;256,08;6,08;27/12/2015 14:28;36,3;7,82;0,3;0;5,72;21/12/2015
30;107;2015;53;12,39;21,14;29/12/2015 14:37;6,07;30/12/2015 6:47;72,09;92,9;29/12/2015 5:05;38,44;29/12/2015 14:38;0,53;226,67;4,7;30/12/2015 12:01;212,9;8,89;0,4;0;3,58;28/12/2015
30;107;2016;1;13,03;22,36;02/01/2016 13:02;6,3;03/01/2016 6:41;68,92;92,8;02/01/2016 1:15;30,73;02/01/2016 13:03;0,73;234,38;10,58;02/01/2016 12:07;267,2;9,17;0,2;0;3,42;01/01/2016
30;107;2016;2;15,11;23,53;04/01/2016 14:26;5,7;06/01/2016 4:42;50,75;91,2;05/01/2016 9:01;24,35;05/01/2016 15:20;1,58;242,79;13,03;04/01/2016 19:14;253,5;8,96;1,4;0;14,1;04/01/2016
30;107;2016;3;10,92;23,55;11/01/2016 12:55;1,41;17/01/2016 6:38;57,36;92,5;15/01/2016 12:13;20,83;16/01/2016 14:59;1,02;249,51;12,74;16/01/2016 2:05;341;9,77;6,3;2,87;9,54;11/01/2016
30;107;2016;4;11,08;19,5;18/01/2016 14:04;4,33;20/01/2016 3:43;70,06;92,1;20/01/2016 3:55;26,84;18/01/2016 11:10;0,57;221,74;5,59;19/01/2016 11:58;208,1;10,76;0;0;7,76;18/01/2016
30;107;2016;5;11,63;21,01;31/01/2016 14:34;4,86;28/01/2016 6:10;80,47;94,2;28/01/2016 6:33;31,3;31/01/2016 14:01;0,51;254,42;5,68;31/01/2016 13:02;256;8,74;11,5;4,96;7,52;25/01/2016
30;107;2016;6;11,8;21,37;01/02/2016 12:57;4,5;05/02/2016 1:46;70,64;93;04/02/2016 0:59;24,21;07/02/2016 15:25;0,78;214,88;10,29;07/02/2016 9:17;341,4;11,28;0;0;9,97;01/02/2016
30;107;2016;7;16,48;24,86;11/02/2016 13:07;5,36;09/02/2016 6:59;49,07;83,9;08/02/2016 22:52;28,74;09/02/2016 14:36;1,71;241,97;11,96;14/02/2016 17:35;323,5;8,87;0,2;0;17,77;08/02/2016
30;107;2016;8;10,3;16,13;15/02/2016 13:36;0,98;17/02/2016 6:47;53,22;84,2;20/02/2016 4:00;18,04;17/02/2016 11:08;1,34;333,79;11,96;15/02/2016 11:19;321;12,19;0,2;0;13,1;15/02/2016
30;107;2016;9;12,63;22,37;22/02/2016 14:03;3,86;24/02/2016 6:47;46,12;84,7;22/02/2016 4:19;22,19;22/02/2016 13:56;1,4;251,55;11,96;27/02/2016 5:26;241,1;14,3;0;0;17,8;22/02/2016
30;107;2016;10;13,55;24,51;02/03/2016 12:35;4,93;04/03/2016 6:20;38,24;80,3;04/03/2016 20:23;11,91;02/03/2016 13:05;1,36;264,63;11,07;04/03/2016 16:28;184,7;19,29;0;0;21,28;29/02/2016
30;107;2016;11;10,39;18,29;09/03/2016 16:45;1,99;13/03/2016 5:47;50,78;86,2;13/03/2016 1:12;22,3;08/03/2016 15:27;1,19;257,16;10,98;10/03/2016 7:47;308,6;17,82;1,9;0;18,08;07/03/2016
30;107;2016;12;12,16;19,81;16/03/2016 12:40;4,8;14/03/2016 4:19;69,45;91,6;20/03/2016 5:02;28,81;14/03/2016 12:51;0,8;180,43;8,72;19/03/2016 13:36;180,7;17,69;0;0;17,13;14/03/2016
30;107;2016;13;14,22;24,55;25/03/2016 11:32;6,7;25/03/2016 5:42;59,56;92,4;21/03/2016 23:00;12,08;25/03/2016 11:32;0,96;232,72;8,13;27/03/2016 14:39;170,8;17,72;14,9;7,48;20,43;21/03/2016
30;107;2016;14;14,66;24,48;30/03/2016 11:59;5,77;02/04/2016 5:48;49,55;86,8;03/04/2016 5:08;13,43;31/03/2016 14:04;1,13;230,75;10,19;31/03/2016 17:45;323,6;22,72;0;0;25,68;28/03/2016
30;107;2016;15;13,47;20,98;10/04/2016 13:58;4,87;09/04/2016 3:47;67,21;92,3;08/04/2016 6:26;13,6;08/04/2016 15:44;1,1;247,79;10,09;09/04/2016 14:27;196,5;18,16;10,2;4,1;21,19;04/04/2016
30;107;2016;16;17,15;25,18;17/04/2016 12:33;8,59;16/04/2016 5:30;52,05;90,4;15/04/2016 5:27;22,32;13/04/2016 11:32;1,1;214,69;8,53;13/04/2016 13:51;191,3;25,56;0;0;29,75;11/04/2016
30;107;2016;17;17,07;25,82;24/04/2016 12:50;10,69;23/04/2016 3:42;53,99;89,7;23/04/2016 2:36;16,38;24/04/2016 12:59;1,32;203,7;12,05;19/04/2016 11:11;57,48;22,06;0,1;0;28;18/04/2016
30;107;2016;18;16,11;24,92;27/04/2016 12:26;8,22;01/05/2016 23:48;65,47;90,9;26/04/2016 5:14;11,05;01/05/2016 11:58;1,03;112,79;7,64;01/05/2016 10:31;331,8;21,29;0,3;0;25,62;25/04/2016
30;107;2016;19;16,3;25,65;03/05/2016 13:29;5,68;03/05/2016 5:23;55,2;85,4;08/05/2016 1:40;11,75;03/05/2016 14:22;0,93;109,92;7,25;04/05/2016 11:11;48,22;22,64;0,2;0;27,24;02/05/2016
30;107;2016;20;17,26;25,72;15/05/2016 14:16;10,86;13/05/2016 1:08;58,52;92,5;10/05/2016 6:18;23,86;15/05/2016 10:43;1,23;210,9;10,19;09/05/2016 17:07;219;21,76;9,7;2,9;28,4;09/05/2016
30;107;2016;21;19,86;30,57;19/05/2016 10:12;11,16;17/05/2016 5:03;57,15;89,1;19/05/2016 4:48;14,56;19/05/2016 10:35;0,9;118,52;8,04;18/05/2016 14:02;177,1;29,15;0;0;36,2;16/05/2016
30;107;2016;22;20,73;29,91;28/05/2016 17:33;12,83;24/05/2016 2:58;57,67;91;24/05/2016 6:05;17,15;28/05/2016 17:35;1,1;132,8;11,27;28/05/2016 17:48;263,8;28,69;0;0;37,84;23/05/2016
30;107;2016;23;21,11;29,4;02/06/2016 13:30;12,56;31/05/2016 5:03;49,6;87,4;04/06/2016 4:33;16,38;02/06/2016 16:11;0,93;143,04;8,43;30/05/2016 15:43;172,4;29,73;0;0;38,27;30/05/2016
30;107;2016;24;24,11;35,06;09/06/2016 16:39;15,18;08/06/2016 4:04;54,77;92,7;07/06/2016 6:23;13,55;09/06/2016 16:33;0,86;118,94;7,94;11/06/2016 9:56;193,7;28,9;0;0;39,82;06/06/2016
30;107;2016;25;23,95;35,47;13/06/2016 10:25;12,4;18/06/2016 4:59;41,8;87,7;19/06/2016 4:50;10,74;15/06/2016 17:43;1,16;192,97;9,51;13/06/2016 14:06;180,8;30,09;0;0;42,7;13/06/2016
30;107;2016;26;22,54;33,51;24/06/2016 12:27;13,54;21/06/2016 4:40;55,64;86,7;24/06/2016 4:21;11,81;24/06/2016 14:20;0,95;93,25;7,64;22/06/2016 15:05;102,8;29,16;0;0;38,84;20/06/2016
30;107;2016;27;24,97;34,16;02/07/2016 11:32;16,45;29/06/2016 4:48;49,38;86,6;29/06/2016 5:06;14,53;30/06/2016 14:57;1,09;103,77;8,72;03/07/2016 13:07;60,94;26,92;0,9;0;39,66;27/06/2016
30;107;2016;28;25,86;35,5;08/07/2016 14:16;16,59;05/07/2016 4:45;48,35;80,2;08/07/2016 2:42;20,19;08/07/2016 14:18;0,98;89,46;8,72;04/07/2016 9:21;58,52;26,06;0,2;0;38,69;04/07/2016
30;107;2016;29;24,77;35,43;11/07/2016 14:15;15,75;17/07/2016 3:18;55,12;85,6;16/07/2016 5:23;17,31;11/07/2016 13:43;1,04;90,86;10,78;17/07/2016 11:39;91,5;27,52;0;0;39,13;11/07/2016
30;107;2016;30;25,28;35,67;21/07/2016 13:08;17,11;18/07/2016 5:06;56,78;88,4;22/07/2016 3:46;12,98;21/07/2016 18:40;0,82;88;7,84;22/07/2016 16:52;95,8;26,04;0;0;36,87;18/07/2016
30;107;2016;31;26,81;37,28;31/07/2016 11:36;17,79;25/07/2016 5:16;51,41;85,7;30/07/2016 4:29;14,09;31/07/2016 10:05;0,81;125,19;7,74;31/07/2016 16:02;220;25,89;0;0;38,11;25/07/2016
30;107;2016;32;26,14;35,41;04/08/2016 16:41;18,22;07/08/2016 4:40;57,81;84,9;02/08/2016 5:42;16,5;04/08/2016 17:21;1;85,83;8,82;05/08/2016 11:14;97;26,56;0;0;38,35;01/08/2016
30;107;2016;33;23,97;32;08/08/2016 14:51;16,65;13/08/2016 4:15;57,78;84,2;14/08/2016 5:23;19,66;08/08/2016 15:39;0,99;71,56;7,94;10/08/2016 12:07;100,8;24,54;0;0;34,45;08/08/2016
30;107;2016;34;26,56;37,21;20/08/2016 12:31;17,72;15/08/2016 3:46;56,36;87,3;19/08/2016 4:18;17,18;18/08/2016 9:40;0,89;140,34;8,13;17/08/2016 14:41;200,1;23,97;1,3;0;35,22;15/08/2016
30;107;2016;35;24,3;34,33;28/08/2016 14:50;16,05;25/08/2016 5:07;61,65;86,4;23/08/2016 4:07;20,37;24/08/2016 13:49;0,75;87,24;7,35;25/08/2016 12:35;85,9;24,92;0;0;32,91;22/08/2016
30;107;2016;36;25,3;36,74;04/09/2016 13:40;17,01;03/09/2016 5:40;61,58;90,6;03/09/2016 5:50;11,97;04/09/2016 16:13;0,73;93,16;6,86;01/09/2016 15:08;62,53;21,56;0;0;29,71;29/08/2016
30;107;2016;37;25,82;40,97;05/09/2016 13:46;17,72;10/09/2016 5:54;55,44;87,8;10/09/2016 6:17;9,72;05/09/2016 14:20;0,67;124,37;7,06;05/09/2016 14:42;196,8;22,11;0;0;29,73;05/09/2016
30;107;2016;38;21,8;31,03;12/09/2016 13:23;13,3;17/09/2016 3:33;51,95;89,7;13/09/2016 5:04;13,79;14/09/2016 16:41;0,82;209,77;7,84;16/09/2016 16:42;202,5;20,23;0,1;0;26,03;12/09/2016
30;107;2016;39;21,72;31,13;21/09/2016 13:28;13,9;21/09/2016 6:11;66,55;90,5;25/09/2016 5:44;21,34;21/09/2016 13:20;0,68;155,98;6,96;19/09/2016 15:27;201,9;18,43;0;0;22,7;19/09/2016
30;107;2016;40;21,24;27,79;27/09/2016 14:28;15,11;30/09/2016 5:56;69,46;91,27;01/10/2016 6:00;32,72;28/09/2016 14:25;0,86;91,51;9,6;28/09/2016 12:38;31,15;17,25;0,92;0;21,47;26/09/2016
30;107;2016;41;20,96;29,05;08/10/2016 12:52;13,13;08/10/2016 5:19;71,75;90,9;09/10/2016 6:09;31,15;08/10/2016 9:48;0,6;110,92;5,49;05/10/2016 15:13;135,1;17,06;0,5;0;19,14;03/10/2016
30;107;2016;42;18,25;28,02;10/10/2016 12:41;11,16;15/10/2016 1:25;71,45;91,9;10/10/2016 3:37;31,99;15/10/2016 12:57;0,6;229,36;6,96;11/10/2016 14:30;194,3;14,68;9,3;4,46;15,61;10/10/2016
30;107;2016;43;19,44;25,85;17/10/2016 11:37;14,57;23/10/2016 6:25;79,56;93,2;20/10/2016 7:53;41,83;23/10/2016 10:52;0,54;141,12;7,45;23/10/2016 11:59;204,9;11,71;2,4;0;12,97;17/10/2016
30;107;2016;44;18,95;27,43;26/10/2016 13:28;8,78;30/10/2016 3:35;74,27;91,8;28/10/2016 2:32;32,52;30/10/2016 14:00;0,49;129,47;5,59;24/10/2016 17:05;108,1;11,33;0;0;11,66;24/10/2016
30;107;2016;45;17,75;28,06;03/11/2016 12:45;8,35;07/11/2016 0:00;64,8;91,1;31/10/2016 1:05;21,52;06/11/2016 12:58;0,58;225,46;9,51;05/11/2016 15:34;168,1;12,31;2,8;0;11,69;31/10/2016
30;107;2016;46;13,41;21,85;09/11/2016 12:25;5,47;09/11/2016 2:24;50,62;88,3;11/11/2016 21:04;19,21;07/11/2016 13:36;0,67;254,94;8,53;12/11/2016 13:00;97,9;12,69;0;0;10,24;07/11/2016
30;107;2016;47;12,62;22,31;18/11/2016 12:13;3,46;17/11/2016 5:50;60,2;89;19/11/2016 1:03;26,09;17/11/2016 12:39;0,46;239,89;9,51;14/11/2016 16:02;47,61;11,07;0;0;7,92;14/11/2016
30;107;2016;48;11,72;19,55;21/11/2016 14:22;3,59;24/11/2016 7:09;79,75;93,2;27/11/2016 8:28;42,14;24/11/2016 14:06;0,41;211,43;7,45;22/11/2016 14:57;261,1;7,07;11,9;3,28;5,82;21/11/2016
30;107;2016;49;12,34;17,59;02/12/2016 12:31;5,23;29/11/2016 7:13;84,71;93;03/12/2016 4:32;53,88;28/11/2016 15:13;0,59;83,12;6,37;30/11/2016 13:13;79,09;6,12;21,9;11,58;5,46;28/11/2016
30;107;2016;50;13,18;19,77;06/12/2016 12:46;6,74;11/12/2016 7:25;83,47;93,6;05/12/2016 8:20;48,36;07/12/2016 13:42;0,45;355,9;5,98;08/12/2016 14:49;72,89;7,5;7,5;2,56;5,56;05/12/2016
30;107;2016;51;10,48;18,63;12/12/2016 12:40;5,5;13/12/2016 3:33;87,01;93,6;12/12/2016 8:02;51,28;12/12/2016 12:54;0,66;245,27;11,17;17/12/2016 14:49;62,84;4;151,9;85,24;4,8;12/12/2016
30;107;2016;52;10,46;18,97;22/12/2016 14:44;4,43;24/12/2016 6:43;71,29;93;25/12/2016 23:55;33,79;21/12/2016 14:30;0,53;260,15;7,25;20/12/2016 22:23;333,5;9,35;9,6;5,32;5,68;19/12/2016
30;107;2016;53;9,99;18,66;26/12/2016 14:52;3,46;26/12/2016 6:24;80,81;93,5;26/12/2016 3:19;40,97;26/12/2016 12:54;0,5;267,92;4,02;28/12/2016 15:40;7,4;7,12;0,23;0;3,38;26/12/2016
30;107;2017;1;8,53;14,56;01/01/2017 14:30;4,67;01/01/2017 5:30;79,18;89,77;01/01/2017 22:30;54,55;01/01/2017 15:00;1,41;239,16;2,56;01/01/2017 15:00;211,7;8,05;0;0;1,11;01/01/2017
30;107;2017;2;9,5;19,64;04/01/2017 13:00;1,35;08/01/2017 4:16;76,14;93,41;02/01/2017 7:30;32,21;05/01/2017 14:00;0,88;253,74;3,82;06/01/2017 14:14;248,5;9,47;0,13;0;7,35;02/01/2017
30;107;2017;3;10,27;18,7;13/01/2017 13:41;1,02;09/01/2017 3:49;57,64;92,8;13/01/2017 4:04;23,32;14/01/2017 14:33;0,86;284,18;7,94;14/01/2017 10:18;306,3;10,35;0;0;8,34;09/01/2017
30;107;2017;4;8,2;17,57;16/01/2017 13:46;-0,49;18/01/2017 3:44;62,6;92,9;18/01/2017 20:00;27;16/01/2017 14:42;1,24;336,56;10,39;16/01/2017 4:54;344,4;7,04;39,5;23,95;9,23;16/01/2017
30;107;2017;5;9,2;16,64;25/01/2017 11:33;0,52;26/01/2017 6:58;64,45;92,2;27/01/2017 6:13;27,95;28/01/2017 14:53;0,73;254,08;9,7;28/01/2017 13:06;310,3;9,81;0;0;8,27;23/01/2017
30;107;2017;6;12,77;20,73;03/02/2017 12:09;4,94;31/01/2017 6:37;63,02;92,7;31/01/2017 4:59;18,4;05/02/2017 15:06;1,04;241,24;13,92;05/02/2017 11:38;239,1;11,8;0,5;0;12,25;30/01/2017
30;107;2017;7;12,16;22,55;07/02/2017 13:52;2,13;10/02/2017 4:21;56,23;92;10/02/2017 7:31;14,07;09/02/2017 13:00;1,13;318,8;10,09;08/02/2017 10:11;309,2;11,86;0;0;12,8;06/02/2017
30;107;2017;8;11,48;19,22;13/02/2017 15:25;3,9;15/02/2017 6:44;73,67;91,7;15/02/2017 7:58;33,95;14/02/2017 13:17;0,94;107,71;10,09;13/02/2017 6:15;177,2;11,5;0,1;0;11,37;13/02/2017
30;107;2017;9;12,5;19,95;23/02/2017 13:46;6,24;26/02/2017 5:52;70,06;93,5;25/02/2017 9:32;32,86;22/02/2017 13:20;0,99;104,71;10,39;20/02/2017 14:21;52,92;11,1;0;0;12,57;20/02/2017
30;107;2017;10;12,66;21,71;02/03/2017 12:49;4,67;04/03/2017 6:18;63,62;93,4;03/03/2017 8:34;30,69;28/02/2017 12:07;0,93;220,86;12,74;03/03/2017 18:27;290,8;14,64;0,9;0;15,2;27/02/2017
30;107;2017;11;18,21;31,6;10/03/2017 13:06;7,44;09/03/2017 6:34;44,86;86;09/03/2017 2:15;7,82;10/03/2017 13:29;0,9;248,9;7,06;08/03/2017 5:50;294;19,17;0;0;22,16;06/03/2017
30;107;2017;12;12,16;22,72;19/03/2017 12:51;6,41;18/03/2017 6:26;71,4;92,8;14/03/2017 5:10;22,19;19/03/2017 12:32;1,27;41,26;13,13;13/03/2017 14:00;76,15;15,43;23,5;13,69;16,55;13/03/2017
30;107;2017;13;12,69;25,29;21/03/2017 13:17;2,29;25/03/2017 5:11;57,04;91,3;21/03/2017 1:27;19,93;23/03/2017 11:47;0,96;214,43;8,92;25/03/2017 14:22;195,9;19,76;0;0;20,42;20/03/2017
30;107;2017;14;14,61;23,09;02/04/2017 12:54;6,14;30/03/2017 6:03;55,88;90,5;30/03/2017 5:18;19,81;02/04/2017 12:56;0,85;214,76;8,43;27/03/2017 12:02;129,2;23,98;0;0;24,57;27/03/2017
30;107;2017;15;13,51;22,62;04/04/2017 12:35;5,34;07/04/2017 5:58;62,26;90,2;09/04/2017 3:10;20,95;04/04/2017 11:00;0,79;124,78;7,06;05/04/2017 15:44;55,47;23,33;0;0;23,74;03/04/2017
30;107;2017;16;17,75;31;14/04/2017 12:10;5,75;11/04/2017 5:30;56,16;92,7;13/04/2017 6:45;12,96;14/04/2017 16:35;0,79;169,35;6,96;13/04/2017 14:44;191,2;24,15;0,1;0;27,95;10/04/2017
30;107;2017;17;15,39;25,35;17/04/2017 14:38;7,78;23/04/2017 4:55;59,94;92;17/04/2017 6:22;24,54;23/04/2017 15:25;1,3;69,97;10,29;21/04/2017 13:08;105,1;22,36;0,1;0;26,74;17/04/2017
30;107;2017;18;15,31;25,96;26/04/2017 10:57;8,52;24/04/2017 5:42;70,82;92;30/04/2017 6:09;20,51;24/04/2017 11:20;0,86;122,56;10,09;30/04/2017 14:37;192,3;16,46;8,3;1,44;20,56;24/04/2017
30;107;2017;19;17,02;26,86;07/05/2017 12:45;8,33;03/05/2017 5:30;60,42;91,5;02/05/2017 5:48;23,16;06/05/2017 11:23;0,78;150,82;8,92;02/05/2017 10:47;180,5;27,47;0,1;0;30,9;01/05/2017
30;107;2017;20;19,73;28,49;14/05/2017 12:36;10,03;08/05/2017 4:18;49,52;87,2;11/05/2017 3:24;11,14;08/05/2017 11:33;0,93;187,32;9,7;12/05/2017 16:37;195,4;26,57;0,3;0;33,96;08/05/2017
30;107;2017;21;19,5;28,5;16/05/2017 12:33;11,07;20/05/2017 4:18;52,69;90,1;19/05/2017 5:03;13,66;17/05/2017 13:08;0,88;95,41;7,84;21/05/2017 10:25;63,86;27,86;0;0;34,47;15/05/2017
30;107;2017;22;21,53;30,53;26/05/2017 14:55;12,64;23/05/2017 5:05;47,97;90;23/05/2017 3:53;15,07;25/05/2017 12:12;1,07;80,9;9,21;28/05/2017 12:39;110,7;29,62;0;0;39,16;22/05/2017
30;107;2017;23;21,85;30,19;03/06/2017 13:33;14,88;31/05/2017 4:37;59,89;87,1;01/06/2017 1:20;26,45;30/05/2017 13:27;0,82;96,57;7,35;30/05/2017 13:11;101,3;26,21;0,1;0;34,7;29/05/2017
30;107;2017;24;22,66;32,81;11/06/2017 11:51;14,51;11/06/2017 3:14;58,04;90,9;11/06/2017 4:50;13,52;11/06/2017 11:00;0,86;103,36;8,33;07/06/2017 13:43;108,4;30,37;0;0;39,73;05/06/2017
30;107;2017;25;25,59;34,42;16/06/2017 12:01;16,22;12/06/2017 1:22;46,31;77,78;18/06/2017 4:42;14,7;16/06/2017 12:26;0,84;88,06;7,35;13/06/2017 12:33;97,1;30,53;0;0;42,57;12/06/2017
30;107;2017;26;26,37;37,75;24/06/2017 11:27;17,49;23/06/2017 4:21;47,95;86,3;25/06/2017 4:53;11,81;22/06/2017 15:59;0,81;115,7;7,15;19/06/2017 14:56;57,15;29,37;0,2;0;41,84;19/06/2017
30;107;2017;27;24,72;35,76;27/06/2017 14:45;14,74;02/07/2017 1:20;43,68;86,2;27/06/2017 3:52;7,35;27/06/2017 18:52;0,97;192,11;9,21;30/06/2017 16:16;193,1;28,94;0;0;40,96;26/06/2017
30;107;2017;28;24,58;34,81;09/07/2017 11:34;14,61;03/07/2017 4:15;56,29;91,6;08/07/2017 4:53;21,51;09/07/2017 12:33;0,93;102,99;8,13;03/07/2017 11:33;97,5;26,48;0,2;0;37,65;03/07/2017
30;107;2017;29;26,81;36,54;12/07/2017 15:39;18,66;10/07/2017 4:52;56,83;87,2;12/07/2017 4:48;19,32;10/07/2017 14:22;0,82;94,11;8,04;14/07/2017 11:08;108,1;28,38;0;0;41,02;10/07/2017
30;107;2017;30;26,25;35,8;20/07/2017 10:59;17,56;17/07/2017 4:49;57,71;87,8;21/07/2017 5:23;17,45;18/07/2017 15:02;0,83;118,43;7,15;20/07/2017 11:17;94,3;27,73;0;0;39,97;17/07/2017
30;107;2017;31;26,89;37,28;30/07/2017 13:14;17,56;24/07/2017 5:17;53,42;86,5;24/07/2017 5:51;14,32;28/07/2017 15:00;0,74;147,93;7,55;26/07/2017 13:58;194;27,2;0;0;38,78;24/07/2017
30;107;2017;32;28,38;38,22;04/08/2017 14:58;19,06;31/07/2017 5:06;58,96;87,4;31/07/2017 5:42;18,58;04/08/2017 14:56;0,74;121,17;6,57;31/07/2017 12:36;110,2;23,7;0;0;36,16;31/07/2017
30;107;2017;33;25,57;38,05;08/08/2017 12:05;16,82;11/08/2017 5:34;61,23;89,5;08/08/2017 5:50;17,98;08/08/2017 12:07;0,91;85,35;8,13;10/08/2017 0:30;120,6;23,45;0;0;34,31;07/08/2017
30;107;2017;34;25,99;34,59;18/08/2017 14:27;19,33;14/08/2017 5:34;66,96;88,8;18/08/2017 3:14;26,04;14/08/2017 14:42;0,77;90,79;8,04;14/08/2017 15:02;104,2;23,49;0;0;33,55;14/08/2017
30;107;2017;35;25,09;33,28;23/08/2017 12:44;16,49;23/08/2017 4:10;64,36;88,6;25/08/2017 5:32;24,39;23/08/2017 12:46;0,65;91,7;6,76;25/08/2017 11:10;118,1;21,91;0;0;30,27;21/08/2017
30;107;2017;36;22,63;29,8;03/09/2017 12:42;17,85;03/09/2017 3:11;77,04;92,6;30/08/2017 10:09;33,93;31/08/2017 12:18;0,53;152,86;7,94;29/08/2017 19:41;254,2;14,04;32;18,7;19,97;28/08/2017
30;107;2017;37;24,14;32,26;09/09/2017 10:56;16,72;10/09/2017 23:26;64,17;91,9;09/09/2017 6:46;12,72;10/09/2017 14:09;0,64;144,72;7,74;10/09/2017 9:05;24,72;20,38;0,3;0;27,11;04/09/2017
30;107;2017;38;22,48;32,87;14/09/2017 11:19;15,11;17/09/2017 3:48;59,28;88,9;17/09/2017 4:07;14,23;11/09/2017 13:13;0,81;133;8,13;11/09/2017 14:26;178;20,64;0;0;26,73;11/09/2017
30;107;2017;39;21,21;30,06;19/09/2017 13:47;13,97;20/09/2017 5:34;65,69;90,4;18/09/2017 6:11;15,13;19/09/2017 13:19;0,63;136,32;7,35;23/09/2017 9:29;66,77;20,32;0;0;23,72;18/09/2017
30;107;2017;40;21,25;31,53;25/09/2017 12:15;13,94;30/09/2017 4:47;70,01;91,6;25/09/2017 7:04;20,77;25/09/2017 10:54;0,57;106,89;7,35;25/09/2017 14:54;154,2;16,89;0,4;0;19,98;25/09/2017
30;107;2017;41;20,55;28,49;05/10/2017 13:09;14,58;06/10/2017 6:17;71,94;91;07/10/2017 4:37;33,62;05/10/2017 12:50;0,57;154,78;5,78;06/10/2017 15:39;198,8;17,66;0;0;19,61;02/10/2017
30;107;2017;42;19,72;30,36;13/10/2017 12:51;13,2;12/10/2017 3:56;71,5;91,8;13/10/2017 5:52;14,83;13/10/2017 12:32;0,49;179,41;5,68;15/10/2017 15:09;95,9;17,07;0;0;17,51;09/10/2017
30;107;2017;43;18,85;27,38;20/10/2017 14:39;11,56;19/10/2017 6:36;67,62;90,9;16/10/2017 6:54;25,44;20/10/2017 15:05;0,58;222,85;6,37;20/10/2017 15:42;168,4;14,56;6,7;0,95;15,03;16/10/2017
30;107;2017;44;17,67;29,33;27/10/2017 11:56;9,66;25/10/2017 6:08;68,52;91,7;24/10/2017 6:17;14,76;27/10/2017 14:06;0,43;189,73;4,8;24/10/2017 14:26;185,6;14,77;0;0;12,88;23/10/2017
30;107;2017;45;16,89;24,35;05/11/2017 14:35;11,26;30/10/2017 6:21;71,52;90,9;02/11/2017 3:47;25,24;05/11/2017 14:37;0,53;219,7;6,17;04/11/2017 11:57;234,5;10,92;0,2;0;10,76;30/10/2017
30;107;2017;46;13,9;25,22;12/11/2017 13:09;4,43;08/11/2017 6:02;43,98;85,3;08/11/2017 0:52;15,58;07/11/2017 14:17;0,46;274,63;6,37;07/11/2017 9:01;334,8;14,07;0;0;9,36;06/11/2017
30;107;2017;47;11,76;21,41;13/11/2017 12:58;4,37;17/11/2017 5:31;60,94;91,3;19/11/2017 4:08;17,66;13/11/2017 14:17;0,42;238,61;9,31;13/11/2017 8:31;318,4;12,88;0;0;7,76;13/11/2017
30;107;2017;48;12,57;24,56;23/11/2017 12:15;3,57;23/11/2017 6:36;62,82;90,7;20/11/2017 0:55;16,59;23/11/2017 12:06;0,34;223,95;5,19;26/11/2017 13:18;140,7;10,43;0;0;6,77;20/11/2017
30;107;2017;49;10,32;17,75;27/11/2017 12:26;1,35;03/12/2017 20:46;61,07;91,6;29/11/2017 7:59;13,91;03/12/2017 14:05;0,43;302,64;10,68;02/12/2017 9:36;335,6;7,38;6,7;2,64;5,74;27/11/2017
30;107;2017;50;9,65;20,85;10/12/2017 12:17;0,28;05/12/2017 2:41;62,91;90,8;08/12/2017 1:31;18,13;08/12/2017 13:27;0,56;240,22;8,92;10/12/2017 23:08;217,7;10,36;0;0;6,19;04/12/2017
30;107;2017;51;10,08;21,13;15/12/2017 12:01;0,88;14/12/2017 5:23;53,83;88;13/12/2017 22:04;20,02;16/12/2017 12:28;0,75;262,51;12,05;11/12/2017 8:46;233,1;9,27;1;0;6,9;11/12/2017
30;107;2017;52;9,58;20,41;22/12/2017 13:29;1,86;18/12/2017 6:48;63,86;90,9;24/12/2017 2:28;25,89;22/12/2017 14:05;0,5;250,57;7,84;19/12/2017 10:15;62,41;8,77;0;0;5,63;18/12/2017
30;107;2017;53;13,21;23,36;29/12/2017 13:25;4,2;28/12/2017 6:55;58,13;90,1;25/12/2017 22:15;23,25;27/12/2017 15:05;0,81;252,38;9,31;27/12/2017 4:31;267,7;8,57;0;0;8,46;25/12/2017
30;107;2018;1;12,57;25,02;04/01/2018 13:04;2,13;07/01/2018 5:38;56,15;90,1;05/01/2018 23:57;18,85;01/01/2018 11:22;0,85;241,11;8,13;01/01/2018 15:34;224,6;10,19;1,3;0;8,96;01/01/2018
30;107;2018;2;8,66;18,63;10/01/2018 15:08;-0,35;09/01/2018 6:52;62,33;90,6;14/01/2018 22:50;25,03;12/01/2018 14:05;0,69;249,84;8,13;10/01/2018 18:54;210,6;9,61;10,7;5,04;7,09;08/01/2018
30;107;2018;3;12,26;23,52;21/01/2018 14:09;3,3;16/01/2018 1:41;62,58;91,5;19/01/2018 6:33;18,6;17/01/2018 15:46;0,61;268,16;6,96;21/01/2018 14:50;293,2;10,22;2,1;0;8,31;15/01/2018
30;107;2018;4;11,63;24,39;22/01/2018 14:31;4,53;25/01/2018 2:22;62,19;93,2;25/01/2018 8:26;23,8;22/01/2018 13:05;0,92;247,4;9,11;26/01/2018 10:11;324,9;10,75;24,99;15,38;9,65;22/01/2018
30;107;2018;5;9,3;17,52;01/02/2018 12:59;2,33;04/02/2018 4:08;70,68;92,7;01/02/2018 7:02;23,69;03/02/2018 15:37;0,76;329,99;8,04;03/02/2018 7:49;325,1;9,52;7;0;8,34;29/01/2018
30;107;2018;6;8,02;19,31;11/02/2018 15:05;0,81;08/02/2018 7:08;53,02;92,7;05/02/2018 5:59;22,85;10/02/2018 14:49;0,79;288,31;8,04;10/02/2018 14:02;309,1;14,22;0;0;10,43;05/02/2018
30;107;2018;7;11,89;22,15;17/02/2018 13:19;1,86;13/02/2018 7:10;60,63;90,2;17/02/2018 7:12;22,93;17/02/2018 13:25;0,69;227,03;6,76;13/02/2018 15:22;195,4;12,84;0,2;0;11,67;12/02/2018
30;107;2018;8;9,74;20,68;20/02/2018 16:00;0,62;24/02/2018 0:58;61,24;91,7;20/02/2018 2:33;14,04;23/02/2018 15:23;0,72;234,77;7,64;22/02/2018 14:16;131,5;14,5;0,1;0;12,55;19/02/2018
30;107;2018;9;13,13;20,68;26/02/2018 12:58;3,6;26/02/2018 2:41;65,66;92,2;04/03/2018 7:50;13,33;26/02/2018 11:21;1,47;214,72;17,35;01/03/2018 19:19;236,8;11,29;4,4;0;2,26;26/02/2018
30;107;2018;10;14,76;23,06;09/03/2018 12:26;6,41;07/03/2018 6:15;53,71;90,5;10/03/2018 7:07;18,51;07/03/2018 15:36;1,38;230,86;11,66;11/03/2018 14:24;218,9;16,98;0,5;;;05/03/2018
30;107;2018;11;13,63;21,69;12/03/2018 13:46;5,71;17/03/2018 3:32;51,23;84;18/03/2018 0:46;17,46;12/03/2018 13:59;1,11;228,63;12,35;17/03/2018 15:35;228,1;14,93;2,9;0;5,04;12/03/2018
30;107;2018;12;11,79;21,69;23/03/2018 12:34;2,52;23/03/2018 3:56;38,76;87,3;19/03/2018 19:58;12,32;23/03/2018 12:41;1,6;281,49;11,37;24/03/2018 17:04;267,8;19,18;4,1;0,69;12,94;19/03/2018
30;107;2018;13;15,55;25,86;28/03/2018 12:33;5,11;01/04/2018 5:36;37,89;77,34;01/04/2018 23:50;14,84;29/03/2018 12:18;1,26;238,51;11,86;30/03/2018 15:29;221,5;23,26;0;;;26/03/2018
30;107;2018;14;15,1;24,33;04/04/2018 13:15;5,68;08/04/2018 3:05;53,59;87;03/04/2018 6:01;13,63;04/04/2018 13:57;0,9;179,78;9,21;04/04/2018 14:52;195,3;19,42;0;;;02/04/2018
30;107;2018;15;14,29;23,86;14/04/2018 14:07;6,15;14/04/2018 5:05;46,27;85,5;14/04/2018 0:55;13,73;14/04/2018 14:46;1,62;236,54;12,54;10/04/2018 18:23;213,8;21,63;0;0;27,99;09/04/2018
30;107;2018;16;16,87;24,48;16/04/2018 14:56;8,15;18/04/2018 5:05;54,15;81,7;18/04/2018 5:20;18,29;16/04/2018 15:14;1,18;74,3;8,72;20/04/2018 14:04;48,07;24,64;0;0;29,06;16/04/2018
30;107;2018;17;18,7;26,33;27/04/2018 11:48;10,93;29/04/2018 23:55;52,88;91,8;27/04/2018 3:58;14,74;29/04/2018 14:32;1,44;114,24;11,86;29/04/2018 7:46;240,2;22,35;6,2;2,01;31,36;23/04/2018
30;107;2018;18;16,35;26,5;03/05/2018 12:08;6,34;30/04/2018 4:01;50,66;89,9;05/05/2018 4:52;17,73;02/05/2018 11:15;1,15;185,47;9,51;02/05/2018 16:37;218,8;23,63;0,7;0;30,04;30/04/2018
30;107;2018;19;18,45;26,86;09/05/2018 11:39;10,47;07/05/2018 4:52;63,56;92,2;11/05/2018 4:21;11,05;13/05/2018 12:32;0,92;185,84;9,41;09/05/2018 13:31;171,3;24,97;4;0;30,77;07/05/2018
30;107;2018;20;17,3;25,09;14/05/2018 12:21;8,59;16/05/2018 4:53;54,76;89,9;20/05/2018 5:28;16,62;14/05/2018 12:07;1,01;102,31;9,31;15/05/2018 16:10;53,5;28,4;0;0;33,48;14/05/2018
30;107;2018;21;20,21;27,9;23/05/2018 13:40;10,19;21/05/2018 4:05;54,78;87,3;27/05/2018 5:06;17,82;23/05/2018 13:31;1,14;140,47;8,33;24/05/2018 8:59;41,25;28,24;0,3;0;36,52;21/05/2018
30;107;2018;22;20,06;28,4;31/05/2018 13:01;12,94;03/06/2018 4:03;58,89;90,5;02/06/2018 23:26;20,54;31/05/2018 14:13;1,02;155,53;7,45;03/06/2018 16:35;152,7;25,56;8,5;3,27;33,28;28/05/2018
30;107;2018;23;20,62;28,37;09/06/2018 13:05;11,87;07/06/2018 3:53;59,37;92,3;07/06/2018 5:28;26,65;04/06/2018 9:43;0,96;185,04;8,82;08/06/2018 14:27;184;26;8,3;3,67;34,44;04/06/2018
30;107;2018;24;22,9;31;13/06/2018 11:47;14,58;15/06/2018 3:33;48,78;88,7;15/06/2018 5:18;20,74;13/06/2018 10:37;0,98;158,65;8,62;12/06/2018 14:05;189,8;30,72;0;0;41,15;11/06/2018
30;107;2018;25;23,88;33,21;22/06/2018 12:42;15,08;19/06/2018 4:55;51,51;86;21/06/2018 5:18;20,67;22/06/2018 12:47;0,9;78,54;6,76;19/06/2018 12:12;103,2;31,12;0,3;0;41,85;18/06/2018
30;107;2018;26;24,55;31,9;25/06/2018 13:02;16,99;25/06/2018 4:29;61,14;87,6;27/06/2018 5:22;23,99;26/06/2018 15:04;0,9;125,39;7,74;01/07/2018 15:41;188;27,98;0,1;0;39,27;25/06/2018
30;107;2018;27;25,66;34,25;03/07/2018 12:52;16,15;03/07/2018 3:07;44,96;85,9;07/07/2018 1:48;17,05;04/07/2018 16:38;0,92;143,5;8,62;05/07/2018 15:40;199,5;29,38;0;0;41,7;02/07/2018
30;107;2018;28;26;36,05;15/07/2018 11:39;17,09;09/07/2018 5:04;55,31;88,6;12/07/2018 5:14;14,73;09/07/2018 16:04;0,86;143,53;7,15;15/07/2018 12:00;136,6;28,51;0;0;41,06;09/07/2018
30;107;2018;29;25,87;33,65;20/07/2018 14:50;16,39;17/07/2018 5:07;51,61;86,2;19/07/2018 2:27;16,74;17/07/2018 11:18;0,97;122,42;9,11;16/07/2018 14:24;196,2;26,96;0;0;39,65;16/07/2018
30;107;2018;30;25,86;36,63;28/07/2018 10:51;16,75;25/07/2018 3:42;56,75;88,7;28/07/2018 5:57;12,11;29/07/2018 11:15;0,84;146,73;7,94;23/07/2018 15:31;117,4;28,92;0;0;40,7;23/07/2018
30;107;2018;31;27,4;36,45;05/08/2018 13:43;18,1;31/07/2018 5:04;51,74;90,4;01/08/2018 5:58;14,67;30/07/2018 8:25;0,79;122,78;6,86;01/08/2018 13:58;118,5;27,76;0;0;39,98;30/07/2018
30;107;2018;32;27,38;35,26;06/08/2018 10:40;19,26;10/08/2018 2:44;59,9;87,7;08/08/2018 5:36;24,02;06/08/2018 10:19;1;110,04;7,94;06/08/2018 14:33;148,1;24,83;0;0;37,94;06/08/2018
30;107;2018;33;25,18;34,01;13/08/2018 12:58;19,16;17/08/2018 1:06;69,29;89;17/08/2018 0:37;36,37;17/08/2018 13:45;0,81;108,91;8,92;16/08/2018 15:39;252,3;17,99;8,1;4,03;27,79;13/08/2018
30;107;2018;34;25,88;34,85;24/08/2018 12:19;18,03;20/08/2018 5:02;55,92;87,2;23/08/2018 5:57;18,45;24/08/2018 11:06;0,77;142,1;7,84;24/08/2018 15:40;174,3;24,63;0;0;34,35;20/08/2018
30;107;2018;35;25,62;33,84;29/08/2018 14:09;19,26;29/08/2018 5:52;67,16;89,2;29/08/2018 5:58;30,57;28/08/2018 15:20;0,79;83,57;7,84;29/08/2018 15:34;193,5;23,06;0;0;32,18;27/08/2018
30;107;2018;36;23,97;32,81;06/09/2018 12:11;17,43;06/09/2018 3:48;68,26;91,1;08/09/2018 10:51;19,96;06/09/2018 12:34;0,68;145,99;7,84;05/09/2018 16:17;146,9;17,8;12,1;5,98;25;03/09/2018
30;107;2018;37;23,76;31,53;13/09/2018 14:43;18,13;10/09/2018 5:57;73,75;91,7;15/09/2018 7:18;34,46;13/09/2018 13:48;0,75;79,52;7,94;10/09/2018 16:31;60,01;16,26;21,6;12,25;22,66;10/09/2018
30;107;2018;38;23,76;33,28;23/09/2018 12:18;16,75;23/09/2018 6:10;70,26;97,2;21/09/2018 6:00;19,26;23/09/2018 12:09;0,56;157,18;5,78;17/09/2018 4:51;244,6;18,28;0,9;0;23,08;17/09/2018
30;107;2018;39;22,19;33,78;24/09/2018 13:02;13,58;29/09/2018 6:00;67,08;90,9;30/09/2018 6:18;20,5;24/09/2018 13:06;0,84;115,2;9,02;26/09/2018 15:23;72,75;17,74;0,9;0;22,52;24/09/2018
30;107;2018;40;20,48;31,4;07/10/2018 11:33;13,58;05/10/2018 3:57;66,31;91,5;03/10/2018 5:30;17,58;07/10/2018 11:30;0,78;168,94;6,17;04/10/2018 11:51;122,6;18,16;0;0;21,26;01/10/2018
30;107;2018;41;19,19;28,12;12/10/2018 14:14;13,6;14/10/2018 21:29;75,49;92,8;13/10/2018 7:02;42,08;12/10/2018 14:39;0,61;147,04;5,29;11/10/2018 11:00;99,9;12,26;10,43;1,65;14,66;08/10/2018
30;107;2018;42;17,92;25,85;17/10/2018 15:21;11,33;15/10/2018 6:07;72,2;91,4;20/10/2018 9:59;29,2;17/10/2018 15:20;0,78;219,42;8,13;20/10/2018 15:37;76,95;12,29;6,3;2,09;13,66;15/10/2018
30;107;2018;43;17,28;26,32;25/10/2018 11:43;9,79;28/10/2018 23:42;68,39;92;23/10/2018 7:00;27,73;25/10/2018 10:29;0,53;227,1;5,19;24/10/2018 14:34;154,4;12,14;2,5;0;11,14;22/10/2018
30;107;2018;44;12,8;21,79;02/11/2018 13:37;6,27;29/10/2018 3:29;60,25;91,5;04/11/2018 22:26;19,45;29/10/2018 14:45;0,74;249,01;10,09;29/10/2018 13:31;265;12,61;9,7;;;29/10/2018
30;107;2018;45;13,1;21,58;11/11/2018 12:49;5,91;07/11/2018 5:24;67,65;92,4;05/11/2018 4:14;25,49;09/11/2018 15:15;0,69;220,21;9,51;09/11/2018 13:41;256,9;10,4;1,7;0;8,8;05/11/2018
30;107;2018;46;15,07;20,91;12/11/2018 13:49;8,72;12/11/2018 0:03;84,97;93;12/11/2018 5:12;48,36;12/11/2018 11:34;0,68;75,49;7,15;18/11/2018 22:45;340,1;7,26;83,2;46,78;7,59;12/11/2018
30;107;2018;47;13,04;20,98;25/11/2018 13:58;6,01;25/11/2018 5:34;76,43;93,2;19/11/2018 6:55;40,1;24/11/2018 13:02;0,53;251,84;8,53;25/11/2018 23:08;276,7;7,1;14,2;8,17;6,71;19/11/2018
30;107;2018;48;12,14;20,51;02/12/2018 13:35;2,86;29/11/2018 3:11;60,13;91,6;30/11/2018 5:02;25,66;28/11/2018 11:47;0,71;249,98;9,51;26/11/2018 3:53;254,6;11,09;0;0;8,13;26/11/2018
30;107;2018;49;14,16;24,26;03/12/2018 15:12;5,71;07/12/2018 5:53;67,77;92,4;07/12/2018 22:12;26,56;09/12/2018 12:10;0,52;237,09;5,59;08/12/2018 13:23;70,98;10,28;0;0;7,23;03/12/2018
30;107;2018;50;12,15;22,95;16/12/2018 14:37;4,13;15/12/2018 7:14;63,83;92,8;12/12/2018 1:30;23,9;10/12/2018 2:21;0,86;243,13;12,45;14/12/2018 13:27;328,9;8,91;3,6;0,69;7,9;10/12/2018
30;107;2018;51;10,45;19,27;23/12/2018 14:25;3,46;18/12/2018 7:08;70,12;92,5;19/12/2018 4:01;23,78;17/12/2018 15:16;0,52;250;5,59;20/12/2018 11:48;309,9;10,26;0;0;5,82;17/12/2018
30;107;2018;52;9,95;21,02;24/12/2018 14:11;3,17;24/12/2018 6:25;80,79;92,5;30/12/2018 7:41;32,74;24/12/2018 14:08;0,48;278,31;5,59;29/12/2018 14:46;62,09;8,57;5,7;2,33;5,11;24/12/2018
30;107;2018;53;8,97;19,41;31/12/2018 14:39;2,09;31/12/2018 4:36;65,06;89,7;31/12/2018 1:28;22,27;31/12/2018 15:18;0,61;246,9;3,43;31/12/2018 9:51;275,8;11,24;0;0;1;31/12/2018
30;107;2019;1;8,52;19,48;01/01/2019 12:59;0,78;05/01/2019 5:56;70,11;92,9;04/01/2019 3:20;18,17;02/01/2019 14:28;0,59;246,5;5;06/01/2019 5:49;252,8;10,6;0;0;5,4;01/01/2019
30;107;2019;2;7,47;18,61;09/01/2019 13:41;0,09;13/01/2019 5:30;58,46;91,5;09/01/2019 1:01;19,49;13/01/2019 13:45;0,68;252,62;5,1;09/01/2019 6:24;247,4;11,79;0;0;3,03;07/01/2019
30;107;2019;3;9,39;21,89;14/01/2019 14:12;2,16;18/01/2019 7:31;68,43;93;16/01/2019 3:31;23,31;14/01/2019 12:53;0,68;242,65;7,06;20/01/2019 13:32;317,6;9,96;1,5;0;4;14/01/2019
30;107;2019;4;12,28;21,12;27/01/2019 12:42;2,62;27/01/2019 4:49;47,49;91,5;27/01/2019 5:16;21,93;27/01/2019 12:44;1,08;268,16;8,72;23/01/2019 11:05;258,6;10,32;0;0;11,63;21/01/2019
30;107;2019;5;12,6;21,51;31/01/2019 13:34;4,74;28/01/2019 7:26;43,16;76,79;01/02/2019 2:54;18,92;03/02/2019 12:42;1,6;255,41;11,37;01/02/2019 11:59;280,5;12,12;0,2;0;15,33;28/01/2019
30;107;2019;6;10,76;22,78;07/02/2019 13:14;2,49;09/02/2019 7:14;56,92;93,7;09/02/2019 7:45;14,85;04/02/2019 14:13;0,66;234,48;7,74;04/02/2019 8:34;257,8;14,6;0,2;0;11,52;04/02/2019
30;107;2019;7;10,77;20,98;11/02/2019 12:51;2,79;13/02/2019 4:40;71,2;93;13/02/2019 5:51;33,92;11/02/2019 12:47;0,94;70,93;6,96;16/02/2019 14:47;67,84;11,89;0;0;11,17;11/02/2019
30;107;2019;8;10,56;25,39;23/02/2019 13:15;1,05;22/02/2019 5:50;67,98;92,6;21/02/2019 6:50;10,44;23/02/2019 13:07;0,78;187,36;6,27;18/02/2019 12:33;58,42;15,81;0;0;13,54;18/02/2019
30;107;2019;9;12,54;26,47;28/02/2019 13:26;1,86;27/02/2019 6:24;54,3;91;25/02/2019 4:14;12,35;28/02/2019 13:26;0,8;221,16;5,98;28/02/2019 9:14;258,6;18,37;0;0;17,51;25/02/2019
30;107;2019;10;13,64;24,3;04/03/2019 11:31;4,94;04/03/2019 6:29;54,16;92,4;06/03/2019 7:38;18,91;09/03/2019 14:45;0,97;226,66;9,9;06/03/2019 12:26;198;18,09;0;0;18,97;04/03/2019
30;107;2019;11;14,33;27,83;17/03/2019 13:04;4,57;17/03/2019 5:32;51,23;89,3;15/03/2019 0:56;11,88;16/03/2019 15:04;0,98;229,32;9,51;11/03/2019 11:28;80,8;21,5;0;0;22,4;11/03/2019
30;107;2019;12;11,28;19,96;24/03/2019 12:41;2,33;21/03/2019 5:03;66,56;90,8;24/03/2019 6:51;25,1;21/03/2019 13:36;0,93;78,05;8,04;18/03/2019 9:16;70,84;14,82;4,4;1,28;16,15;18/03/2019
30;107;2019;13;11,65;22,12;25/03/2019 13:34;4,41;28/03/2019 3:32;65,86;92,1;31/03/2019 9:56;21,1;28/03/2019 12:12;1,14;69,19;10,78;26/03/2019 10:35;53,29;18,47;16;9,71;19,37;25/03/2019
30;107;2019;14;13,52;22,39;03/04/2019 10:53;5,67;06/04/2019 1:55;64,45;92,9;02/04/2019 7:57;25,19;07/04/2019 13:22;1,08;205,42;10,68;05/04/2019 19:05;240,1;18,87;1,3;0;21,41;01/04/2019
30;107;2019;15;16,08;26,77;14/04/2019 11:28;7,75;13/04/2019 1:02;42,83;76,55;08/04/2019 6:13;13,8;13/04/2019 13:04;1,21;245,64;9,11;14/04/2019 15:05;171,4;24,46;0;0;29,81;08/04/2019
30;107;2019;16;14,77;25,36;16/04/2019 13:37;9,56;16/04/2019 4:45;73,28;93,6;20/04/2019 3:44;25,75;15/04/2019 13:59;1,08;87,13;9,31;20/04/2019 4:09;61,29;13,08;96,68;56,57;17,71;15/04/2019
30;107;2019;17;15,21;24,43;25/04/2019 15:03;6,64;24/04/2019 1:30;62,66;90,54;23/04/2019 0:30;22,16;28/04/2019 12:51;1,33;208,63;8,13;25/04/2019 12:05;198,6;22,9;1,24;0;26,69;22/04/2019
30;107;2019;18;15,8;23,06;02/05/2019 11:21;8,19;29/04/2019 4:58;69,31;92,4;05/05/2019 4:17;29,01;02/05/2019 14:19;0,91;112,06;8,53;04/05/2019 15:50;203;26,52;1,8;0;29,22;29/04/2019
30;107;2019;19;20,83;32,48;11/05/2019 12:07;10,43;06/05/2019 5:02;58,51;92,6;08/05/2019 6:08;18,69;11/05/2019 12:09;0,9;167,08;6,96;10/05/2019 14:25;147,5;28,1;0;0;35,43;06/05/2019
30;107;2019;20;18,5;31,41;15/05/2019 15:19;9,76;14/05/2019 4:46;50,93;88,5;17/05/2019 2:40;14,64;19/05/2019 11:48;0,86;168,24;7,84;16/05/2019 14:37;137,6;27,18;0,2;0;33,29;13/05/2019
30;107;2019;21;18,47;29,61;23/05/2019 13:32;8,66;20/05/2019 4:55;57,47;92,5;22/05/2019 5:37;12,22;23/05/2019 14:23;0,82;155,44;8,92;26/05/2019 15:36;180,8;23,3;1,8;0;29,67;20/05/2019
30;107;2019;22;19,59;29,17;02/06/2019 14:20;9,93;01/06/2019 4:46;53,25;88,6;27/05/2019 5:05;13,56;02/06/2019 13:36;0,86;99,11;7,94;27/05/2019 13:55;142,3;31,13;0;0;37,41;27/05/2019
30;107;2019;23;20,88;31,52;05/06/2019 13:22;11,84;03/06/2019 4:58;50,16;90;07/06/2019 5:38;7,18;05/06/2019 13:30;0,96;177,89;10,49;08/06/2019 10:51;128,2;29,29;0;0;37,82;03/06/2019
30;107;2019;24;21,08;30,77;10/06/2019 10:56;12,28;16/06/2019 4:02;54,59;89,6;14/06/2019 7:02;13,52;10/06/2019 10:49;1,06;126,88;9,31;14/06/2019 15:15;197,7;28,73;2,5;0;37,5;10/06/2019
30;107;2019;25;22,55;32,72;20/06/2019 10:24;11,74;18/06/2019 3:20;57,4;89,4;19/06/2019 4:01;19,03;19/06/2019 14:02;0,89;143,69;7,15;19/06/2019 14:26;136,6;30,79;0;0;40,57;17/06/2019
30;107;2019;26;25,62;36,19;29/06/2019 12:54;15,52;24/06/2019 4:58;52,45;89,6;26/06/2019 7:46;13,12;30/06/2019 13:09;0,85;95,83;7,55;27/06/2019 13:04;106,5;29,54;0,4;0;41,5;24/06/2019
30;107;2019;27;26,64;37,75;06/07/2019 11:31;17,73;01/07/2019 3:46;57,13;88,3;06/07/2019 5:48;17;07/07/2019 14:11;0,93;127,3;11,07;07/07/2019 3:43;220,3;25,04;0;0;38,7;01/07/2019
30;107;2019;28;26,46;37,05;12/07/2019 12:15;17,06;10/07/2019 3:56;46,22;84,1;14/07/2019 3:51;15,3;12/07/2019 11:40;0,88;129,41;9,11;14/07/2019 13:34;177,6;27,25;0;0;40,34;08/07/2019
30;107;2019;29;26,34;36,22;15/07/2019 12:19;17,43;19/07/2019 5:01;57,03;89,8;15/07/2019 5:49;20,87;18/07/2019 15:32;0,96;99,86;8,33;21/07/2019 13:03;116,5;28,27;0;0;41,14;15/07/2019
30;107;2019;30;27,2;35,96;23/07/2019 13:40;19,23;23/07/2019 3:41;44,2;87;26/07/2019 4:35;11,58;27/07/2019 10:24;0,9;130,45;8,82;22/07/2019 12:32;107,4;28,36;0;0;41,36;22/07/2019
30;107;2019;31;25,81;34,42;30/07/2019 10:45;17,69;29/07/2019 5:17;61,18;88,6;03/08/2019 4:31;20,14;29/07/2019 18:20;0,82;125,6;8,13;31/07/2019 16:13;78,45;24,44;0;0;35,64;29/07/2019
30;107;2019;32;28,5;39,59;10/08/2019 11:46;18,7;09/08/2019 5:40;49,92;87,5;06/08/2019 4:28;10,97;09/08/2019 16:08;0,75;159,63;6,37;06/08/2019 17:49;207,3;25,46;0,3;0;38,42;05/08/2019
30;107;2019;33;26,31;36,71;17/08/2019 13:57;18,06;15/08/2019 4:41;56,67;90,6;15/08/2019 7:02;12,04;12/08/2019 12:13;0,83;135,75;8,92;13/08/2019 11:12;53,16;25,19;0;0;36,21;12/08/2019
30;107;2019;34;24,94;35,36;19/08/2019 11:10;16,6;24/08/2019 5:39;63,43;90,4;21/08/2019 7:27;22,24;19/08/2019 11:11;0,82;72,33;7,94;21/08/2019 11:49;50,39;23,84;1,3;0;32,93;19/08/2019
30;107;2019;35;24,07;32,14;30/08/2019 12:10;18,03;01/09/2019 3:34;69,73;92,1;29/08/2019 6:28;31,94;30/08/2019 11:59;0,69;156,24;7,64;27/08/2019 13:36;44,1;20,74;3;0;28,57;26/08/2019
30;107;2019;36;23,82;31,6;02/09/2019 14:54;17,86;08/09/2019 23:37;68,07;89,2;04/09/2019 6:40;33,12;02/09/2019 14:50;0,73;89,8;7,35;02/09/2019 9:44;59,47;19,7;0,5;0;26,75;02/09/2019
30;107;2019;37;21;29,52;10/09/2019 9:05;14,58;12/09/2019 3:21;70,39;92,8;13/09/2019 6:36;10,34;10/09/2019 15:37;0,74;37,06;9,41;14/09/2019 1:34;239,2;13,24;108,4;64,3;18,54;09/09/2019
30;107;2019;38;22,97;30,47;22/09/2019 11:46;17,39;19/09/2019 5:55;77,08;93,3;19/09/2019 7:00;40,64;22/09/2019 11:37;0,58;178,74;5,68;18/09/2019 14:33;127,2;17,32;0,1;0;22,08;16/09/2019
30;107;2019;39;22,22;30,53;25/09/2019 11:42;15,92;24/09/2019 5:16;69,68;93;28/09/2019 6:27;27,95;25/09/2019 12:45;0,59;174,32;6,66;24/09/2019 15:24;187,4;20,62;0,1;0;23,95;23/09/2019
30;107;2019;40;21,96;31,24;01/10/2019 11:46;13,11;05/10/2019 6:00;58,33;92,9;30/09/2019 6:43;18,8;04/10/2019 10:43;0,62;210,91;7,15;02/10/2019 5:38;241,9;19,82;0,1;0;22,43;30/09/2019
30;107;2019;41;21,05;33,14;07/10/2019 13:18;14,41;09/10/2019 2:51;72,45;92,8;13/10/2019 7:12;15,27;07/10/2019 13:03;0,54;137,34;6,17;07/10/2019 10:39;330,6;15,66;0;0;17,75;07/10/2019
30;107;2019;42;17,77;27,43;18/10/2019 12:31;8,22;16/10/2019 4:48;61,15;92;14/10/2019 5:39;15,34;15/10/2019 12:37;0,61;221,65;7,55;19/10/2019 13:58;202,5;14,98;0,1;0;15,48;14/10/2019
30;107;2019;43;14,8;24,08;25/10/2019 12:34;8,92;24/10/2019 6:05;72,59;95,34;23/10/2019 2:30;34,31;24/10/2019 14:56;0,6;235,14;5,59;25/10/2019 15:26;215,4;12,14;22,82;13,47;11,63;21/10/2019
30;107;2019;44;19,53;28;01/11/2019 13:11;11,26;29/10/2019 6:15;62,53;93,3;29/10/2019 7:13;25,88;03/11/2019 13:39;0,73;236,37;8,92;03/11/2019 4:49;270,8;12,58;0,2;0;14,44;28/10/2019
30;107;2019;45;15,04;25,56;04/11/2019 12:08;6,05;07/11/2019 5:26;46,47;82,6;07/11/2019 5:33;20,25;09/11/2019 12:50;0,84;247,83;9,11;10/11/2019 23:55;348,4;14,02;0,1;0;12,43;04/11/2019
30;107;2019;46;12,67;23,79;13/11/2019 11:47;2,36;17/11/2019 6:56;46,3;85,4;14/11/2019 2:48;22,27;12/11/2019 12:40;0,77;269,53;11,17;14/11/2019 21:15;251,1;10,14;0;0;9,88;11/11/2019
30;107;2019;47;11,37;19,45;23/11/2019 13:03;4,2;19/11/2019 4:26;66,08;91,8;22/11/2019 23:53;26,16;23/11/2019 12:56;0,72;245,34;10,78;23/11/2019 9:49;280,5;9,27;9,4;3,11;7,7;18/11/2019
30;107;2019;48;13,51;23,19;27/11/2019 13:15;5,4;25/11/2019 6:14;70,19;93,4;01/12/2019 8:24;29,68;27/11/2019 13:29;0,56;234,63;6,76;27/11/2019 12:54;250,2;10,99;0,1;0;7,8;25/11/2019
30;107;2019;49;11,73;19,77;08/12/2019 15:00;6,94;07/12/2019 23:29;81,6;94;08/12/2019 2:30;39,78;08/12/2019 15:00;0,98;14,87;6,96;02/12/2019 23:56;48,4;5,12;43,92;26,59;6;02/12/2019
30;107;2019;50;13,22;20,98;10/12/2019 12:41;4,97;12/12/2019 3:26;54,82;90,4;15/12/2019 23:59;16,66;10/12/2019 14:00;0,9;245,47;6,33;09/12/2019 23:47;78,73;9,4;0;0;8,64;09/12/2019
30;107;2019;51;13,9;21,92;21/12/2019 12:17;4,07;19/12/2019 2:57;67,8;92,3;16/12/2019 8:36;24,18;22/12/2019 14:07;1,38;226,56;9,43;20/12/2019 6:10;235,7;6,51;0,9;0;9,81;16/12/2019
30;107;2019;52;11,89;24,92;26/12/2019 14:40;4;28/12/2019 1:47;69,45;93,3;28/12/2019 8:26;22,06;26/12/2019 12:44;0,56;232,72;4,27;26/12/2019 4:32;248,6;10,42;0,2;0;6,69;23/12/2019
30;107;2019;53;8,87;15,34;30/12/2019 13:15;3,3;31/12/2019 5:05;81,26;92,1;31/12/2019 5:43;53,09;30/12/2019 13:15;0,48;233,8;2,98;31/12/2019 15:52;190,3;7,13;0;0;1,46;30/12/2019
30;107;2020;1;8,16;16,73;05/01/2020 15:21;2,19;05/01/2020 5:16;81,93;93,1;03/01/2020 7:38;41,25;05/01/2020 15:28;0,46;243,42;3,16;04/01/2020 9:51;250,9;8,73;0,1;0;3,67;01/01/2020
30;107;2020;2;8,56;17,54;12/01/2020 13:53;-0,22;12/01/2020 6:08;74,36;93,8;08/01/2020 8:11;20,05;12/01/2020 13:49;0,56;260,94;5,57;11/01/2020 12:39;44,08;10,15;0,2;0;6,17;06/01/2020
30;107;2020;3;8,69;21,08;17/01/2020 14:45;-0,25;13/01/2020 7:11;69,49;92,7;14/01/2020 2:32;25,22;17/01/2020 14:06;0,62;250,6;5,16;19/01/2020 16:00;319;10,53;13,1;7,43;7,17;13/01/2020
30;107;2020;4;9,74;16,91;26/01/2020 13:30;4,13;20/01/2020 6:05;83,76;93,2;22/01/2020 6:18;43,12;26/01/2020 13:30;0,6;33,37;6,8;20/01/2020 7:11;351,9;6,91;40,9;25;6,15;20/01/2020
30;107;2020;5;12,8;23,65;01/02/2020 13:36;3,63;27/01/2020 7:30;72,5;100;27/01/2020 10:00;36,8;31/01/2020 13:59;0,61;240,48;4,47;02/02/2020 7:30;265,7;12,28;0,2;0;9,74;27/01/2020
30;107;2020;6;12,3;26,47;04/02/2020 14:26;5,68;06/02/2020 23:44;72,14;92,9;06/02/2020 8:49;18,66;04/02/2020 13:41;0,66;230,75;4,49;04/02/2020 12:43;241,1;11,76;1,3;0;10,42;03/02/2020
30;107;2020;7;12,92;24,45;11/02/2020 13:53;5;15/02/2020 6:43;74,89;93,4;16/02/2020 9:47;31,22;11/02/2020 13:56;0,7;213,77;5,64;10/02/2020 14:37;193,9;14,48;0,1;0;12,5;10/02/2020
30;107;2020;8;11,32;22,88;17/02/2020 13:55;2,6;22/02/2020 6:12;78,1;93,7;17/02/2020 8:24;17,5;23/02/2020 12:51;0,65;222,71;5,55;18/02/2020 2:43;72,04;13,78;1;0;11,76;17/02/2020
30;107;2020;9;14,62;25,83;25/02/2020 13:41;2,56;24/02/2020 4:52;51,8;91,4;24/02/2020 0:09;13,53;25/02/2020 12:19;0,88;230,14;6,02;29/02/2020 15:41;187;16,97;0,1;0;17,7;24/02/2020
30;107;2020;10;15,95;25,54;02/03/2020 12:36;5,58;03/03/2020 6:20;43,34;84,1;07/03/2020 23:39;13,94;02/03/2020 16:13;1,38;249,82;9,41;02/03/2020 14:51;254;17,96;0;0;22,53;02/03/2020
30;107;2020;11;15,8;28,85;11/03/2020 13:00;9,24;12/03/2020 5:00;56,51;85,7;14/03/2020 6:30;18,83;09/03/2020 14:29;0,8;163,66;5,62;09/03/2020 6:04;221,8;19,08;0;0;20,27;09/03/2020
30;107;2020;12;12,44;18,62;18/03/2020 14:31;6,22;16/03/2020 22:48;77,4;92,5;22/03/2020 5:55;47;16/03/2020 12:39;1,02;79,45;7,8;18/03/2020 11:55;52,74;8,35;25,9;13,89;12,15;16/03/2020
30;107;2020;13;10,99;19,74;26/03/2020 14:10;5;29/03/2020 5:20;80,23;93,5;23/03/2020 9:16;28,75;26/03/2020 15:24;0,9;68,99;8,23;24/03/2020 14:10;54,99;12,15;112,3;62,05;13,3;23/03/2020
30;107;2020;14;12,75;20,05;01/04/2020 12:40;6,48;02/04/2020 6:02;78,79;93,2;01/04/2020 7:08;37,05;03/04/2020 12:11;0,79;127,77;6,19;30/03/2020 16:36;56,47;17,76;11,5;3,3;18,25;30/03/2020
30;107;2020;15;13,85;21,42;10/04/2020 13:21;7,04;11/04/2020 5:40;71,95;92,9;06/04/2020 6:49;15,65;10/04/2020 13:18;0,69;78,79;5,08;11/04/2020 14:24;91,4;19,11;4,5;1,44;20,45;06/04/2020
30;107;2020;16;15,65;23,66;19/04/2020 14:05;11,26;13/04/2020 3:56;83,91;93,4;14/04/2020 8:50;49,52;19/04/2020 14:04;0,68;107,07;5,35;19/04/2020 16:13;192,6;13,06;15,2;5,11;16,2;13/04/2020
30;107;2020;17;15,66;25,31;20/04/2020 11:47;9,9;26/04/2020 3:40;70,79;93,6;26/04/2020 6:19;30,02;20/04/2020 12:01;0,77;238,94;5,64;26/04/2020 14:12;192;18,2;16,7;9,12;22,11;20/04/2020
30;107;2020;18;18,7;28,45;03/05/2020 13:00;10,34;28/04/2020 3:58;64,54;92,6;27/04/2020 2:33;29,89;29/04/2020 10:48;1,18;218,84;6,8;29/04/2020 14:05;160,4;26,55;0;0;32,49;27/04/2020
30;107;2020;19;20,42;29,41;04/05/2020 14:00;14,23;06/05/2020 4:00;65,96;94,64;09/05/2020 6:00;28,46;04/05/2020 14:30;1,54;152,24;4,14;10/05/2020 16:00;252,57;24,68;0,18;0;33,23;04/05/2020
30;107;2020;20;17,25;24,96;11/05/2020 16:30;9,27;13/05/2020 5:30;68,29;97,84;17/05/2020 5:30;28,21;13/05/2020 10:12;1,08;198,47;6,43;14/05/2020 16:38;174,7;20,79;12,93;7,55;26,6;11/05/2020
30;107;2020;21;22,16;32,08;23/05/2020 14:00;12,3;18/05/2020 5:09;54,56;90,7;22/05/2020 5:39;20,07;23/05/2020 12:58;0,83;145,86;6,51;18/05/2020 14:19;207,7;29,89;0;0;38,27;18/05/2020
30;107;2020;22;20,26;27,77;31/05/2020 13:21;11,57;30/05/2020 4:53;52,05;86,9;31/05/2020 2:10;21,62;30/05/2020 16:39;0,92;75,28;6,62;26/05/2020 14:29;54,27;26,62;0;0;34,45;25/05/2020
30;107;2020;23;22,4;33,02;04/06/2020 13:23;13,48;02/06/2020 2:59;55,4;91,3;05/06/2020 5:22;18,89;04/06/2020 13:37;0,94;191,9;7,23;04/06/2020 12:49;248,3;28,04;3,3;0,43;37,9;01/06/2020
30;107;2020;24;20,72;29,16;14/06/2020 12:33;13,51;14/06/2020 3:03;56,9;92,6;10/06/2020 5:46;20,74;14/06/2020 12:03;1,09;183,78;8,88;11/06/2020 15:10;170,7;27,14;15,1;9,16;35,73;08/06/2020
30;107;2020;25;23,25;33,24;21/06/2020 13:46;14,18;15/06/2020 4:35;55,41;88,4;19/06/2020 5:15;16,81;21/06/2020 16:28;0,92;147,6;6,47;16/06/2020 9:24;245,3;30,05;0;0;40,27;15/06/2020
30;107;2020;26;24,34;34,48;27/06/2020 12:10;16,25;28/06/2020 4:59;54,7;89;22/06/2020 5:37;17,11;27/06/2020 12:42;0,8;107,58;6,27;27/06/2020 14:37;235,4;28,78;0,2;0;39,58;22/06/2020
30;107;2020;27;25,45;34,98;02/07/2020 13:39;16,06;29/06/2020 5:00;60,18;90,1;04/07/2020 5:43;17,82;02/07/2020 8:37;0,77;104,33;5,53;02/07/2020 13:14;116,4;28,72;0;0;40,07;29/06/2020
30;107;2020;28;25,7;34,85;07/07/2020 13:10;17,22;06/07/2020 3:17;54,61;90,1;11/07/2020 5:36;13,52;07/07/2020 10:32;0,87;97,16;6,35;12/07/2020 18:59;111;27,9;0,3;0;39,88;06/07/2020
30;107;2020;29;24,57;32,15;19/07/2020 13:33;17,63;16/07/2020 3:50;64,53;91,1;15/07/2020 5:57;29,19;19/07/2020 14:42;0,76;91,46;6,02;15/07/2020 13:47;118,7;26,77;3,6;0,69;36,82;13/07/2020
30;107;2020;30;25,99;34,67;26/07/2020 13:24;17,83;21/07/2020 4:39;59,72;88,2;26/07/2020 4:46;25,2;21/07/2020 15:46;0,87;95,35;5,9;21/07/2020 9:49;114,1;28,64;0;0;40,35;20/07/2020
30;107;2020;31;28,05;38,81;01/08/2020 13:36;19,74;27/07/2020 3:23;57,23;88,8;02/08/2020 3:37;21,41;31/07/2020 17:18;0,76;104,75;6,04;30/07/2020 13:27;57,54;25,83;0;0;38,59;27/07/2020
30;107;2020;32;26,71;36,47;09/08/2020 13:56;17,73;08/08/2020 5:03;58,49;88,3;05/08/2020 5:43;11,88;08/08/2020 11:29;0,7;91,1;5,94;05/08/2020 13:28;100,7;25,79;0;0;36,35;03/08/2020
30;107;2020;33;26,09;35,21;10/08/2020 12:37;17,39;14/08/2020 4:55;56,45;89,8;12/08/2020 0:25;13,55;16/08/2020 10:56;0,91;167,5;6,37;15/08/2020 14:05;175,4;26,17;1,3;0;37,23;10/08/2020
30;107;2020;34;26,82;37,29;22/08/2020 10:17;15,51;18/08/2020 5:10;48,57;88,2;23/08/2020 1:36;12,68;17/08/2020 11:19;0,8;133,01;6,23;17/08/2020 14:12;167,6;25,13;0;0;35,94;17/08/2020
30;107;2020;35;25,51;36,74;26/08/2020 13:29;14,27;30/08/2020 4:53;61,21;92;26/08/2020 6:18;16,65;29/08/2020 8:22;0,7;126,87;6,08;29/08/2020 15:12;100,7;22,83;3,8;0,86;31,69;24/08/2020
30;107;2020;36;22,37;30,16;06/09/2020 13:39;15,15;01/09/2020 5:42;64,61;88,7;01/09/2020 6:06;31,74;03/09/2020 16:21;0,67;123,85;5,92;04/09/2020 15:00;123,5;20,87;0;0;26,84;31/08/2020
30;107;2020;37;22,56;31,69;12/09/2020 14:04;14,98;09/09/2020 5:25;60,99;88,9;07/09/2020 6:27;21,31;11/09/2020 12:23;0,78;126,43;6,45;08/09/2020 12:00;127,7;21,1;0;0;27,04;07/09/2020
30;107;2020;38;23,03;31,46;15/09/2020 13:00;16,45;19/09/2020 5:38;67,89;91,2;18/09/2020 13:12;27,25;19/09/2020 13:20;0,67;132,86;6,41;19/09/2020 13:29;204,5;17,41;5,8;2,33;23,17;14/09/2020
30;107;2020;39;22,75;32,71;24/09/2020 13:13;13,78;26/09/2020 4:40;47,51;88;23/09/2020 6:38;14,49;25/09/2020 14:44;0,72;225,84;6,9;24/09/2020 17:18;258,7;18,92;0;0;24,03;21/09/2020
30;107;2020;40;19,04;30,07;01/10/2020 11:07;8,02;04/10/2020 4:47;54,79;90,3;01/10/2020 7:12;18,4;03/10/2020 12:52;0,92;211,14;11,51;02/10/2020 13:06;234,2;17,72;0,7;0;21,68;28/09/2020
30;107;2020;41;18,95;31,59;07/10/2020 13:18;10,87;06/10/2020 4:11;62,87;91,4;09/10/2020 6:53;19,42;07/10/2020 13:04;0,59;181,52;6,84;06/10/2020 13:58;161,7;16,36;0;0;17,88;05/10/2020
30;107;2020;42;16,11;26,79;13/10/2020 12:29;7,18;15/10/2020 4:52;53,46;88,4;14/10/2020 23:48;17,69;15/10/2020 12:27;0,72;219,88;5,39;17/10/2020 13:07;225,3;17,34;0;0;16,9;12/10/2020
30;107;2020;43;17,3;26,36;21/10/2020 13:12;7,31;25/10/2020 6:14;65,44;90,1;23/10/2020 6:12;23,77;25/10/2020 11:24;0,73;221;6,82;21/10/2020 14:32;193,2;13,11;0;0;13,99;19/10/2020
30;107;2020;44;15,97;26,61;01/11/2020 11:57;8,59;31/10/2020 5:49;56,57;90,8;01/11/2020 7:37;20,78;26/10/2020 14:37;0,6;228,68;5;27/10/2020 15:59;190,6;15,12;0;0;13,06;26/10/2020
30;107;2020;45;16,47;25,16;02/11/2020 11:06;8,35;02/11/2020 6:15;78,44;91,3;08/11/2020 23:18;32,36;02/11/2020 11:06;0,78;133,87;6,96;05/11/2020 9:00;47,26;10,22;14,3;7,02;9,95;02/11/2020
30;107;2020;46;15,86;23,84;15/11/2020 13:00;9,99;12/11/2020 4:30;79,83;99,37;15/11/2020 6:30;41,35;15/11/2020 13:00;0,5;198,32;4,23;09/11/2020 14:34;210,9;10,49;0,2;0;8,96;09/11/2020
30;107;2020;47;14,87;26,66;16/11/2020 14:00;6,21;22/11/2020 6:48;76,13;100;17/11/2020 6:30;33,37;16/11/2020 14:00;0,48;219,75;4,18;20/11/2020 13:17;116,5;10,98;0,2;0;8,02;16/11/2020
30;107;2020;48;12,31;19,52;26/11/2020 12:38;5,58;24/11/2020 6:55;75,62;92,2;28/11/2020 2:36;39,39;29/11/2020 13:25;0,61;211,54;5,72;27/11/2020 9:26;184,3;9,44;5,6;2,25;7;23/11/2020
30;107;2020;49;11,1;20,01;01/12/2020 14:14;3,06;05/12/2020 5:11;58,83;90,2;01/12/2020 22:58;19,75;02/12/2020 13:23;0,84;260,28;8,41;04/12/2020 13:01;256;10,17;0;0;8,06;30/11/2020
30;107;2020;50;13,95;25,08;11/12/2020 14:27;3,57;09/12/2020 4:58;50,31;83,9;13/12/2020 23:49;21,28;12/12/2020 14:28;0,97;251,31;6,96;11/12/2020 17:22;239,7;7,72;0;0;9,78;07/12/2020
30;107;2020;51;11,3;20,82;15/12/2020 13:30;4,07;18/12/2020 6:52;74,82;93,5;15/12/2020 6:30;37,31;20/12/2020 14:44;0,49;238,17;4,92;19/12/2020 15:51;197,2;9,16;0,3;0;5,85;14/12/2020
30;107;2020;52;9,73;19,77;23/12/2020 13:04;-1,06;27/12/2020 6:37;63,13;91,9;23/12/2020 8:34;12,6;26/12/2020 13:35;0,56;242,22;4,94;25/12/2020 16:22;11,34;10,04;0;0;6,08;21/12/2020
30;107;2020;53;9,27;19,05;28/12/2020 11:30;0,39;31/12/2020 4:22;45,46;82,3;31/12/2020 19:41;18,47;28/12/2020 2:06;1,11;252,32;7,76;28/12/2020 3:32;245,5;10,99;0;0;4,35;28/12/2020
30;107;2021;1;7,37;14,22;03/01/2021 14:56;-0,29;02/01/2021 6:57;41,61;75,59;02/01/2021 6:59;16,36;03/01/2021 14:56;0,9;270,56;6,23;01/01/2021 12:57;331,3;10,89;0;0;3,28;01/01/2021
30;107;2021;2;6,46;13,53;04/01/2021 14:00;-0,86;04/01/2021 1:29;74,22;100;08/01/2021 21:00;21,77;05/01/2021 13:06;0,69;0,98;5,12;04/01/2021 15:08;190,9;5,79;37,14;19,8;5,13;04/01/2021
30;107;2021;3;8,54;19,97;17/01/2021 14:40;-0,08;14/01/2021 5:37;59,14;90,4;17/01/2021 0:10;19,95;17/01/2021 14:55;0,81;249,72;6,02;16/01/2021 4:54;136;11,56;0,02;0;8,04;11/01/2021
30;107;2021;4;11,75;24,43;24/01/2021 12:03;3,03;19/01/2021 7:10;62,39;93,2;20/01/2021 9:19;23,57;24/01/2021 12:04;0,99;244,11;13,56;22/01/2021 9:56;252,4;11,16;0;0;10,61;18/01/2021
30;107;2021;5;16,39;27,17;29/01/2021 13:18;7,95;29/01/2021 6:43;52,81;89,8;27/01/2021 7:21;14,43;29/01/2021 13:17;0,93;240,8;6,86;30/01/2021 13:17;256,2;11,3;0;0;12,91;25/01/2021
30;107;2021;6;13,59;26,23;01/02/2021 13:41;4,64;07/02/2021 6:41;62,54;92;05/02/2021 2:05;17,89;01/02/2021 13:47;0,88;215,42;8,37;01/02/2021 5:42;249,1;11,73;0;0;11,82;01/02/2021
30;107;2021;7;14,28;24,41;12/02/2021 14:37;6,79;11/02/2021 5:39;53,89;88,7;14/02/2021 22:24;14,54;12/02/2021 14:48;1,01;234,32;8,47;09/02/2021 20:26;271,9;11,67;0;0;10,23;08/02/2021
30;107;2021;8;11,37;20,81;17/02/2021 13:01;3,37;17/02/2021 4:55;75,13;92,9;20/02/2021 3:48;29,58;18/02/2021 13:17;0,69;155,65;5,78;21/02/2021 18:57;179,1;12,36;0;0;11,15;15/02/2021
30;107;2021;9;12,76;18,52;22/02/2021 13:58;6,48;23/02/2021 6:59;66,65;90,95;27/02/2021 23:00;22,71;22/02/2021 14:23;1,35;66,43;6,43;22/02/2021 12:51;257,6;10,89;0;0;13,09;22/02/2021
30;107;2021;10;12,7;16,46;03/03/2021 14:00;7,63;04/03/2021 5:00;81,07;96,6;07/03/2021 6:30;46,34;04/03/2021 14:30;1,55;78,97;3,2;01/03/2021 11:00;64,68;7,01;40,51;23,3;10,17;01/03/2021
30;107;2021;11;12,68;22,46;14/03/2021 15:46;5,82;10/03/2021 6:30;72,98;96,48;09/03/2021 0:00;20,75;14/03/2021 13:43;0,82;219,27;6,94;11/03/2021 15:04;189,9;18,29;10,01;0;15,36;08/03/2021
30;107;2021;12;10,23;19,97;17/03/2021 14:18;1,79;21/03/2021 2:40;69,8;92,5;17/03/2021 7:13;24,25;21/03/2021 13:52;0,77;288,65;5,82;20/03/2021 14:47;56,42;17,55;12,4;4,98;16,2;15/03/2021
30;107;2021;13;12,9;23,23;26/03/2021 13:28;3,88;23/03/2021 4:56;68,9;93,3;26/03/2021 8:45;20,46;26/03/2021 17:07;0,9;177,14;6,7;27/03/2021 14:01;76,44;22,12;0;0;21,76;22/03/2021
30;107;2021;14;14,57;23,7;02/04/2021 11:30;6,75;31/03/2021 5:44;68,12;92,7;02/04/2021 6:32;29,91;03/04/2021 11:01;1,03;98,29;6,25;29/03/2021 13:14;59,3;19,39;2,1;0;21,51;29/03/2021
30;107;2021;15;14,23;27;06/04/2021 11:27;7,25;06/04/2021 5:54;74,29;92,4;11/04/2021 7:10;12,92;06/04/2021 11:32;0,9;112,36;6,86;06/04/2021 14:52;206,2;16,38;6,2;1,93;18,93;05/04/2021
30;107;2021;16;12,88;19,69;18/04/2021 12:50;6,28;17/04/2021 4:43;77,39;95,2;15/04/2021 21:30;29,63;18/04/2021 12:43;0,97;82,43;5,08;13/04/2021 15:10;119,5;17,4;22,2;10,55;18,77;12/04/2021
30;107;2021;17;15,38;23,77;20/04/2021 12:45;7,28;19/04/2021 4:06;75,43;92,5;19/04/2021 6:26;26,46;19/04/2021 12:35;0,94;90,54;6,92;24/04/2021 16:19;33,95;16,5;33,5;19,12;19,95;19/04/2021
30;107;2021;18;16,54;23,26;28/04/2021 11:41;8,69;02/05/2021 4:12;71,12;91,1;27/04/2021 6:29;26,29;01/05/2021 10:41;0,95;201,27;6,84;01/05/2021 14:01;199,1;23,58;8,01;2,5;27,25;26/04/2021
30;107;2021;19;18,58;30,84;07/05/2021 11:54;9,97;04/05/2021 5:24;61,21;90,4;06/05/2021 6:03;15,1;07/05/2021 11:12;1,04;161,45;7,49;09/05/2021 12:30;215,1;26,72;0,4;0;32,66;03/05/2021
30;107;2021;20;19,92;32,49;16/05/2021 11:47;8,72;12/05/2021 5:00;45,8;90,1;10/05/2021 7:19;12,29;11/05/2021 13:19;1,08;211,85;6,84;10/05/2021 11:55;168,4;29,8;1,1;0;37,55;10/05/2021
30;107;2021;21;19,19;28,51;17/05/2021 9:19;12,14;21/05/2021 2:05;67,23;93;23/05/2021 22:35;25,58;21/05/2021 12:28;0,86;102,58;7,27;17/05/2021 10:34;115,9;24,4;42,8;25,65;30,74;17/05/2021
30;107;2021;22;18,61;27,57;30/05/2021 13:44;10,37;24/05/2021 4:35;66,9;93,6;24/05/2021 5:51;23,23;30/05/2021 11:25;0,71;86,74;6,08;24/05/2021 14:23;171,6;24,39;2;0;29,86;24/05/2021
30;107;2021;23;20,17;29,29;06/06/2021 12:02;13,28;06/06/2021 4:47;74,34;92,2;02/06/2021 6:09;30,61;06/06/2021 12:05;0,64;129,2;5,39;03/06/2021 15:08;122,5;19,63;11,7;4,99;26,22;31/05/2021
30;107;2021;24;23,02;32,45;09/06/2021 13:59;13,51;07/06/2021 4:16;56,74;91,7;07/06/2021 5:41;19,1;09/06/2021 18:25;0,74;100,67;5,86;12/06/2021 9:50;110,2;29,58;0,1;0;38,71;07/06/2021
30;107;2021;25;23,68;32,42;14/06/2021 12:52;16,4;20/06/2021 5:07;56,65;90,4;20/06/2021 5:42;16,68;14/06/2021 12:36;0,82;119,29;6,62;17/06/2021 16:18;215,6;23,53;0,3;0;33,54;14/06/2021
30;107;2021;26;22,59;31,19;26/06/2021 12:07;14,12;23/06/2021 1:41;55,31;89,7;27/06/2021 5:18;14,47;26/06/2021 9:34;0,92;139,19;6,8;22/06/2021 11:05;103,6;29,35;0;0;38,84;21/06/2021
30;107;2021;27;25,23;37,39;04/07/2021 11:26;15,26;28/06/2021 4:54;58,22;92;29/06/2021 6:28;12,11;04/07/2021 11:11;0,83;143,61;6,12;01/07/2021 12:23;147,4;28,82;0;0;40,5;28/06/2021
30;107;2021;28;25,9;36,86;06/07/2021 11:19;17,49;10/07/2021 1:45;59,4;89,9;06/07/2021 5:26;15,13;06/07/2021 17:22;0,78;107,12;6,51;09/07/2021 15:37;95,7;25,9;0;0;37,41;05/07/2021
30;107;2021;29;25,59;43,33;12/07/2021 15:08;16,96;15/07/2021 2:54;55,36;87,9;17/07/2021 5:46;6,1;12/07/2021 15:15;0,75;115,83;6,08;14/07/2021 15:28;165,2;26,34;0;0;37,58;12/07/2021
30;107;2021;30;26,92;38,09;23/07/2021 14:18;18,1;22/07/2021 3:22;57,11;89,2;20/07/2021 4:20;11,1;23/07/2021 15:01;0,76;121,07;5,31;22/07/2021 13:18;138,1;26,63;0;0;38,98;19/07/2021
30;107;2021;31;25,45;35,16;31/07/2021 11:34;18,74;28/07/2021 5:14;64,23;91,5;28/07/2021 5:57;10;31/07/2021 18:15;0,76;124,55;6;26/07/2021 10:53;137,5;24,88;11,5;6,56;35,77;26/07/2021
30;107;2021;32;25,93;37,83;06/08/2021 11:49;17,66;04/08/2021 3:39;60,39;89,2;03/08/2021 6:06;13,18;06/08/2021 11:44;0,8;135,04;6,49;04/08/2021 13:24;201,2;25,98;0,1;0;37,05;02/08/2021
30;107;2021;33;28,11;44,04;15/08/2021 13:49;20,08;14/08/2021 5:48;55,59;87,3;14/08/2021 6:08;8,12;15/08/2021 14:28;0,66;104,22;7,29;09/08/2021 14:02;109,6;21,24;0;0;32,61;09/08/2021
30;107;2021;34;26,25;38,73;16/08/2021 10:11;19,21;21/08/2021 5:27;65,26;88,9;21/08/2021 6:15;23,45;16/08/2021 10:03;0,76;98,56;5,96;17/08/2021 13:46;6,65;21,65;0;0;32,16;16/08/2021
30;107;2021;35;25,92;37,02;28/08/2021 10:52;18,06;27/08/2021 5:56;60,69;88,5;26/08/2021 5:45;15,06;28/08/2021 10:52;0,74;123,51;6,12;27/08/2021 13:20;226;20,75;0;0;30,41;23/08/2021
30;107;2021;36;24,83;32,18;30/08/2021 11:54;17,8;04/09/2021 5:27;69,74;90,6;03/09/2021 7:14;37,52;05/09/2021 13:29;0,68;116,85;6,27;31/08/2021 13:29;31,33;20,18;3,3;0;27,64;30/08/2021
30;107;2021;37;25,19;33,61;09/09/2021 12:22;16,49;12/09/2021 3:24;55,22;88,1;06/09/2021 3:48;20,03;09/09/2021 12:22;0,72;158;7,15;10/09/2021 15:27;180,5;21,98;0,2;0;29,8;06/09/2021
30;107;2021;38;23,29;31,71;15/09/2021 14:03;16,32;19/09/2021 5:28;67,5;90,5;16/09/2021 7:31;28,03;14/09/2021 11:03;0,7;171,76;6,47;15/09/2021 16:37;153,4;17,37;3,3;0,26;23,4;13/09/2021
30;107;2021;39;22,57;31,31;26/09/2021 13:53;16,55;26/09/2021 23:55;69,53;92;25/09/2021 6:57;23,96;26/09/2021 13:54;0,66;99,1;7,1;25/09/2021 15:31;201,8;17,37;7,5;0,86;22,06;20/09/2021
30;107;2021;40;21,33;31,14;27/09/2021 12:27;12,64;28/09/2021 4:58;69,62;90,7;03/10/2021 6:03;21,61;27/09/2021 14:40;0,58;170,11;5,47;03/10/2021 13:17;146,3;18,29;4,3;1,28;21,14;27/09/2021
30;107;2021;41;19,16;26,63;06/10/2021 13:50;10;05/10/2021 5:02;66,76;90,2;08/10/2021 3:28;16,72;04/10/2021 15:04;0,59;186,29;5,41;06/10/2021 11:41;91,4;15,21;0;0;17,01;04/10/2021
30;107;2021;42;18,61;27,62;16/10/2021 11:43;12,1;15/10/2021 6:12;70,31;89,6;16/10/2021 5:21;26,21;16/10/2021 11:34;0,54;167,19;5,31;11/10/2021 13:26;110,7;15,08;0;0;15,65;11/10/2021
30;107;2021;43;17,73;28,63;21/10/2021 11:16;10,17;24/10/2021 6:17;72,75;90,7;24/10/2021 6:58;27,12;21/10/2021 11:20;0,52;157,98;5,27;22/10/2021 15:47;87,2;13,34;0;0;13,28;18/10/2021
30;107;2021;44;17,89;30,37;31/10/2021 13:22;10,37;25/10/2021 6:28;72,41;92;27/10/2021 7:12;31,51;31/10/2021 13:27;0,63;226,39;5,88;29/10/2021 12:56;178,3;10,87;8,1;3,03;12,03;25/10/2021
30;107;2021;45;15,39;27,66;01/11/2021 12:20;7,14;04/11/2021 2:00;48,55;88;02/11/2021 7:00;13,4;07/11/2021 11:58;0,59;288,72;5,16;06/11/2021 12:37;338;11,58;0;0;10,75;01/11/2021
30;107;2021;46;14,09;22,66;11/11/2021 12:16;7,52;08/11/2021 23:32;60,87;90,5;14/11/2021 0:43;23,3;11/11/2021 12:16;0,67;233,64;5,92;14/11/2021 15:34;179,5;12,04;0;0;10,32;08/11/2021
30;107;2021;47;13,45;19,3;15/11/2021 11:45;6,96;15/11/2021 22:27;75,46;100;19/11/2021 19:00;25,93;15/11/2021 14:53;0,86;304,77;5,33;18/11/2021 14:43;95,7;7,44;33,07;16,26;7,36;15/11/2021
30;107;2021;48;10,74;18,49;22/11/2021 11:30;3,61;27/11/2021 5:27;60,28;100;22/11/2021 0:30;22,81;28/11/2021 14:17;0,75;260,21;6,39;27/11/2021 15:25;214;10,96;0,7;0;8,01;22/11/2021
30;107;2021;49;11,59;20,28;29/11/2021 14:40;4,13;01/12/2021 6:03;55,27;90,8;01/12/2021 3:32;16,12;05/12/2021 14:24;0,8;254,3;6,39;01/12/2021 12:43;229,6;10,68;0,2;0;8,38;29/11/2021
30;107;2021;50;14,03;22,19;11/12/2021 14:30;5,24;09/12/2021 7:01;50,48;90,1;12/12/2021 23:57;23,58;08/12/2021 14:32;1,02;246,32;7,27;09/12/2021 14:54;271,4;9,58;0;0;9,82;06/12/2021
30;107;2021;51;11,33;16,2;13/12/2021 14:23;4,37;14/12/2021 7:26;82;100;15/12/2021 22:00;55,94;14/12/2021 13:20;0,96;60,61;4,19;14/12/2021 11:36;60,34;4,62;2,32;0;4,12;13/12/2021
30;107;2021;52;12,29;20,4;21/12/2021 15:00;5,68;20/12/2021 7:56;80,88;93,11;22/12/2021 7:30;48,37;25/12/2021 12:59;0,47;250,82;4,18;25/12/2021 14:36;184,9;6,03;0,28;0;5,58;20/12/2021
30;107;2021;53;14,39;25,27;28/12/2021 15:37;4,88;31/12/2021 7:19;58,68;91;31/12/2021 23:27;23,94;28/12/2021 15:33;0,75;248,48;5,57;28/12/2021 9:12;271,4;10,65;0;0;6,21;27/12/2021
30;107;2022;1;9,14;19,37;02/01/2022 13:32;0,88;02/01/2022 7:44;80,06;94;02/01/2022 7:53;39;01/01/2022 11:24;0,3;238,8;2,92;01/01/2022 14:21;135;10,99;0,1;0;1,4;01/01/2022
30;107;2022;2;9,82;20,44;03/01/2022 14:23;0,79;07/01/2022 1:34;58,97;93,7;04/01/2022 7:56;18,19;09/01/2022 8:56;0,63;246,77;6,72;04/01/2022 21:17;253,6;10,26;0,8;0;7;03/01/2022
30;107;2022;3;9,54;23,23;10/01/2022 14:01;0,92;16/01/2022 4:26;73,55;93;12/01/2022 8:14;28,05;16/01/2022 15:12;0,61;198,53;5,61;13/01/2022 12:12;42,35;9,28;3,6;0,43;6,8;10/01/2022
30;107;2022;4;7,26;14,52;17/01/2022 13:19;-0,25;17/01/2022 6:21;76,01;93,2;23/01/2022 8:13;33,43;18/01/2022 13:40;0,61;237,45;4,63;22/01/2022 10:34;64,34;10,12;1,5;0;6,49;17/01/2022
30;107;2022;5;9,4;19;30/01/2022 14:44;0,32;30/01/2022 2:26;70,85;94,71;28/01/2022 3:30;11,22;30/01/2022 14:50;0,84;350,57;6,17;25/01/2022 11:03;45,87;8,27;1,5;0;6,34;24/01/2022
30;107;2022;6;12,7;23,46;31/01/2022 14:23;2,53;02/02/2022 3:32;53,31;90,7;02/02/2022 4:57;13,55;31/01/2022 21:32;0,72;257,92;5,31;01/02/2022 4:08;331,1;11,24;0;0;10,51;31/01/2022
30;107;2022;7;9,32;19,77;07/02/2022 12:57;2,87;07/02/2022 7:12;76,7;93,3;07/02/2022 7:28;27,24;07/02/2022 12:33;0,63;223,14;5,29;07/02/2022 14:58;198,6;12,67;0;0;9,8;07/02/2022
30;107;2022;8;12,67;23,53;17/02/2022 12:53;3,04;16/02/2022 3:39;54,45;91,3;14/02/2022 7:50;14,98;15/02/2022 13:45;0,87;250,17;6,15;19/02/2022 17:12;69,95;14,31;0;0;14,04;14/02/2022
30;107;2022;9;11,82;23,67;21/02/2022 13:40;3,47;23/02/2022 0:39;64,14;90,2;25/02/2022 8:01;14,92;22/02/2022 9:09;0,96;129,78;6,64;26/02/2022 12:35;74,84;12,47;3;0;13,18;21/02/2022
30;107;2022;10;10,86;20,41;03/03/2022 11:51;3,97;02/03/2022 5:39;74,65;92,7;06/03/2022 10:08;30,15;03/03/2022 12:07;0,68;221,74;6,15;04/03/2022 11:19;25,64;10,93;26,8;12,68;11,39;28/02/2022
30;107;2022;11;11,75;20,98;12/03/2022 13:49;4,21;09/03/2022 6:24;74,68;93;08/03/2022 8:11;22,77;12/03/2022 13:05;0,67;190,89;5,64;12/03/2022 14:35;193,9;16,45;11,2;3,64;15,14;07/03/2022
30;107;2022;12;13,82;22,8;14/03/2022 22:51;10,27;16/03/2022 19:13;80,3;100;17/03/2022 7:30;18,17;15/03/2022 1:00;1,52;57,13;10,19;14/03/2022 23:58;106,3;5,07;43,62;24,1;12,55;14/03/2022
30;107;2022;13;12,96;17,21;27/03/2022 15:00;8,29;27/03/2022 22:55;86,91;98,57;21/03/2022 3:30;57,69;27/03/2022 14:44;2,07;64,65;8,47;23/03/2022 6:51;48,14;5,47;53,32;30,35;9,07;21/03/2022
30;107;2022;14;11,84;20,46;31/03/2022 13:50;2,87;03/04/2022 5:21;67,29;93,8;30/03/2022 23:31;17,03;02/04/2022 14:09;0,91;284,58;6,96;03/04/2022 16:14;30,86;14,5;15,42;9,33;15,91;28/03/2022
30;107;2022;15;13,24;22,83;08/04/2022 11:46;3,9;06/04/2022 2:21;66,78;92,7;04/04/2022 11:16;28,61;07/04/2022 11:13;1,2;222,94;8,66;04/04/2022 11:23;43,14;20,41;1,6;0;16,6;04/04/2022
30;107;2022;16;15,71;27,07;17/04/2022 12:01;8,25;11/04/2022 3:35;68,49;93,2;13/04/2022 23:22;24,81;17/04/2022 11:21;0,86;285,7;5,41;11/04/2022 12:35;116,8;18,64;10,35;5,81;22,2;11/04/2022
30;107;2022;17;14,62;24,57;18/04/2022 13:48;5,41;24/04/2022 4:28;66,42;93,7;19/04/2022 6:48;20,42;23/04/2022 15:07;1,22;214,73;9,07;23/04/2022 11:22;280,2;21,94;2,1;0;25,4;18/04/2022
30;107;2022;18;15,35;27,35;01/05/2022 12:21;8;25/04/2022 5:29;67,82;93,9;28/04/2022 6:46;21,69;30/04/2022 13:02;0,75;133,42;6,17;30/04/2022 14:50;199,1;19,58;0,1;0;23,44;25/04/2022
30;107;2022;19;16,18;25,21;06/05/2022 12:58;9,56;06/05/2022 4:16;71,08;93,6;04/05/2022 23:18;21,96;08/05/2022 11:29;0,81;173,27;5,76;05/05/2022 16:11;193,1;21,93;0,9;0;25,76;02/05/2022
30;107;2022;20;18,66;27,84;14/05/2022 13:18;9,7;11/05/2022 3:49;61,38;92,1;09/05/2022 6:08;22,46;14/05/2022 15:31;0,77;132,13;5,39;12/05/2022 13:15;102,6;28,78;0;0;33,83;09/05/2022
30;107;2022;21;22,72;32,49;22/05/2022 13:40;13,58;16/05/2022 4:13;52,92;85,7;18/05/2022 5:07;19,17;22/05/2022 8:54;0,9;130,81;6,57;20/05/2022 11:30;123,8;28,27;0;0;37,96;16/05/2022
30;107;2022;22;22,2;35,3;29/05/2022 11:16;10,77;26/05/2022 4:36;45,88;86,4;26/05/2022 4:40;11,88;29/05/2022 10:26;1;210,5;7,58;29/05/2022 12:58;174,6;29,65;0;0;39,81;23/05/2022
30;107;2022;23;23,09;32,69;02/06/2022 10:49;13,68;31/05/2022 4:01;54,3;92,5;01/06/2022 5:29;14,56;05/06/2022 11:17;0,93;163,66;6,64;05/06/2022 14:39;167,3;28,84;0;0;39,46;30/05/2022
30;107;2022;24;24,7;34,77;08/06/2022 11:46;13,98;06/06/2022 3:09;47,08;89,7;10/06/2022 5:08;13,59;12/06/2022 12:42;0,84;129,18;6,15;09/06/2022 10:48;110,3;29,39;0;0;40,75;06/06/2022
30;107;2022;25;27,04;37,4;17/06/2022 13:22;17,28;13/06/2022 3:06;38,78;79,94;19/06/2022 22:22;11,01;13/06/2022 9:43;0,8;117,5;5,55;17/06/2022 11:44;26,78;27,92;0;0;41,17;13/06/2022
30;107;2022;26;23,93;34,36;25/06/2022 13:04;13,95;25/06/2022 4:08;53,99;88,9;22/06/2022 3:15;14,5;25/06/2022 12:52;1,06;183,38;8,8;22/06/2022 15:06;177,8;27,63;0;0;40,37;20/06/2022
30;107;2022;27;24,35;32,82;03/07/2022 15:10;16;27/06/2022 4:36;61,54;88,9;30/06/2022 5:34;19,13;27/06/2022 10:43;0,93;116,98;6,21;02/07/2022 15:01;52,72;27,75;0;0;38,98;27/06/2022
30;107;2022;28;26,02;35,17;04/07/2022 12:48;15,83;09/07/2022 4:56;58,82;90,2;06/07/2022 4:57;20,84;10/07/2022 10:38;0,87;113,44;7,12;08/07/2022 14:28;183,5;27,52;0;0;39,7;04/07/2022
30;107;2022;29;27,27;37,3;16/07/2022 13:34;17,71;11/07/2022 3:51;38,47;76,67;11/07/2022 4:06;10,87;13/07/2022 13:26;0,76;125,22;5,37;13/07/2022 15:19;116,9;29,56;0;0;42,19;11/07/2022
30;107;2022;30;27,75;36,87;23/07/2022 14:07;18,43;22/07/2022 4:47;49,93;89,4;24/07/2022 4:57;14,23;24/07/2022 16:45;0,8;129,79;8,84;20/07/2022 13:24;86;28,47;0;0;41,61;18/07/2022
30;107;2022;31;28,36;41,95;25/07/2022 10:32;20,92;25/07/2022 5:07;60,53;87,2;27/07/2022 3:40;11,84;25/07/2022 10:33;0,85;115,74;6,21;31/07/2022 15:25;111,4;25,89;0;0;39,29;25/07/2022
30;107;2022;32;27,52;36,59;03/08/2022 13:17;18,8;07/08/2022 4:35;51,54;85,4;01/08/2022 5:25;15,57;03/08/2022 16:50;0,74;118,7;5,27;05/08/2022 13:39;111;26,76;0;0;38,82;01/08/2022
30;107;2022;33;28,48;41,72;13/08/2022 13:38;19,07;12/08/2022 4:56;52,04;88,4;09/08/2022 5:45;11,5;13/08/2022 13:13;0,82;116,5;6,14;09/08/2022 13:41;141;23,8;0;0;36,93;08/08/2022
30;107;2022;34;26,28;37,56;15/08/2022 11:03;17,06;21/08/2022 3:31;50,09;87,2;19/08/2022 6:05;9,93;15/08/2022 11:15;0,96;192,77;6,68;15/08/2022 13:49;159,7;25,28;0;0;37,55;15/08/2022
30;107;2022;35;26,38;35,22;25/08/2022 12:40;18,33;22/08/2022 4:32;62,66;87,3;28/08/2022 6:12;31,04;26/08/2022 16:52;0,76;85,07;6,06;28/08/2022 14:36;109,4;23,48;0;0;33,5;22/08/2022
30;107;2022;36;26,51;35,61;01/09/2022 12:03;18,3;04/09/2022 5:04;57,53;88,8;31/08/2022 4:09;16,58;02/09/2022 10:47;0,75;181,7;6,55;31/08/2022 10:42;195,8;18,19;2,6;0;28,14;29/08/2022
30;107;2022;37;25,76;35,61;08/09/2022 12:13;16,15;09/09/2022 4:26;46,96;89,1;11/09/2022 5:49;13,52;08/09/2022 9:53;0,75;173,72;5,37;09/09/2022 14:52;114,5;22,93;0;0;31,36;05/09/2022
30;107;2022;38;24,88;33,81;12/09/2022 13:35;16,65;17/09/2022 4:58;61,72;88,5;12/09/2022 1:46;25,06;16/09/2022 11:01;0,75;124,44;6,98;15/09/2022 12:01;105,8;16,32;0;0;23,62;12/09/2022
30;107;2022;39;22,28;30,81;24/09/2022 10:58;15,72;20/09/2022 4:59;65,82;91;25/09/2022 23:54;31,58;19/09/2022 13:26;0,65;150,75;6,33;24/09/2022 13:03;157,9;16,43;2,9;0,08;21,41;19/09/2022
30;107;2022;40;20,21;30,13;28/09/2022 12:35;11,73;01/10/2022 2:40;54,74;91;26/09/2022 6:58;16,95;29/09/2022 13:43;0,79;216,72;6,37;28/09/2022 12:24;202;18,99;1;0;22,69;26/09/2022
30;107;2022;41;20,22;28,18;04/10/2022 15:12;15,06;07/10/2022 4:34;76,27;91,4;04/10/2022 7:33;37,13;03/10/2022 9:45;0,5;94,14;5,37;08/10/2022 15:36;112,3;13,06;5,2;0,94;15,66;03/10/2022
30;107;2022;42;19,4;30;16/10/2022 11:29;12;16/10/2022 5:51;67,81;92,2;11/10/2022 6:50;21,31;15/10/2022 12:19;0,55;168,59;5,92;12/10/2022 14:22;100,8;14,85;3;0,08;16,33;10/10/2022
30;107;2022;43;21,04;29,16;23/10/2022 10:33;14,77;23/10/2022 6:03;75,97;92,6;23/10/2022 7:36;30,24;23/10/2022 10:24;0,47;129,68;5,08;17/10/2022 13:19;120,8;12,05;0;0;13,94;17/10/2022
30;107;2022;44;19,7;32,44;26/10/2022 12:37;12,17;28/10/2022 5:12;65,43;91,2;28/10/2022 3:16;12,89;25/10/2022 14:03;0,5;202,54;5,27;24/10/2022 14:12;172,5;12,95;0;0;13,62;24/10/2022
30;107;2022;45;18,61;28,36;01/11/2022 12:11;9,9;06/11/2022 23:54;65,98;91,9;03/11/2022 7:01;17,17;04/11/2022 20:22;0,54;215,03;4,43;04/11/2022 10:59;52,1;12,75;0,3;0;12,13;31/10/2022
30;107;2022;46;16,78;25,97;09/11/2022 11:52;9,02;08/11/2022 3:59;72,6;91,2;12/11/2022 7:47;20,74;07/11/2022 12:39;0,5;121,56;4,88;12/11/2022 13:20;55,7;10,93;8,6;2,48;9,74;07/11/2022
30;107;2022;47;16,55;26,73;17/11/2022 12:17;6,24;20/11/2022 5:31;58,72;91,9;14/11/2022 3:35;27,01;19/11/2022 14:45;0,89;235,64;6,17;17/11/2022 12:28;234,8;9,3;8,1;2,12;11,03;14/11/2022
30;107;2022;48;15,1;24,99;23/11/2022 13:33;5,71;27/11/2022 6:52;57,07;89,9;27/11/2022 23:57;23,71;26/11/2022 13:26;0,82;233,06;7,94;21/11/2022 23:04;258,1;10,3;0;0;10,09;21/11/2022
30;107;2022;49;12,19;20,24;28/11/2022 13:26;4,5;30/11/2022 6:15;60,99;91,3;28/11/2022 4:49;17,09;28/11/2022 14:35;0,53;251,76;5,02;02/12/2022 13:24;71,93;9,02;0;0;6,54;28/11/2022
30;107;2022;50;14,02;22,02;10/12/2022 13:20;9,06;06/12/2022 0:00;77,87;92,9;08/12/2022 9:06;30,05;10/12/2022 13:24;0,52;203,7;8,04;09/12/2022 15:14;251,9;6,74;7,7;3,41;6,48;05/12/2022
30;107;2022;51;15,27;24,74;13/12/2022 11:24;6,79;17/12/2022 5:46;69,41;96,67;14/12/2022 21:30;37,72;13/12/2022 10:05;1,2;231,44;7,57;12/12/2022 16:20;279;7;13,88;6,49;9,62;12/12/2022
30;107;2022;52;13,67;22,91;24/12/2022 13:11;6,65;25/12/2022 7:22;70,99;92,8;25/12/2022 6:06;23,17;25/12/2022 14:01;0,55;234,07;4,86;23/12/2022 3:10;258,7;9,67;0,4;0;6,7;19/12/2022
30;107;2022;53;12,36;23,07;26/12/2022 14:16;3,67;29/12/2022 4:08;61,2;90;28/12/2022 23:37;23,91;29/12/2022 12:31;0,53;234,48;5,25;29/12/2022 15:09;201,9;10,48;0;0;5,88;26/12/2022
30;107;2023;1;10,78;20,11;01/01/2023 12:59;5,11;01/01/2023 2:46;62,03;88,6;01/01/2023 22:44;26,96;01/01/2023 12:53;0,47;250,2;2,27;01/01/2023 13:50;47,16;9,09;0;0;0,92;01/01/2023
30;107;2023;2;10,89;20,25;08/01/2023 20:39;3,71;07/01/2023 6:56;74,36;91,3;05/01/2023 3:10;30,52;02/01/2023 12:20;0,62;229,69;6,59;08/01/2023 15:45;172;8,76;0,3;0;6,6;02/01/2023
30;107;2023;3;12,87;25,16;09/01/2023 12:32;2,66;15/01/2023 6:31;62,36;90,9;15/01/2023 0:43;16,22;13/01/2023 13:58;0,68;237,22;5,55;09/01/2023 12:39;248,6;11,58;0;0;8,51;09/01/2023
30;107;2023;4;11,46;21,79;17/01/2023 12:49;1,05;22/01/2023 23:22;42,12;81,3;21/01/2023 2:56;14,95;19/01/2023 15:36;1,49;267,82;9,72;17/01/2023 13:02;239,2;12,12;0;0;13,81;16/01/2023
30;107;2023;5;6,4;15,53;27/01/2023 15:04;-1,06;29/01/2023 2:49;54,72;86,9;29/01/2023 2:55;18,68;27/01/2023 13:34;0,73;280,43;6,17;29/01/2023 15:23;109,4;9,74;0,1;0;7,94;23/01/2023
30;107;2023;6;7,52;20,38;04/02/2023 12:54;-1,49;03/02/2023 4:52;63,43;90,6;02/02/2023 4:01;10,44;04/02/2023 13:05;0,7;218,09;5,25;31/01/2023 14:21;174,6;14,4;0;0;9,68;30/01/2023
30;107;2023;7;8,91;14,97;06/02/2023 12:07;2,66;06/02/2023 5:16;75,14;92,8;06/02/2023 3:20;49,13;08/02/2023 12:38;0,89;73,3;6,72;11/02/2023 13:02;48,4;7,36;13,4;5,26;8,22;06/02/2023
30;107;2023;8;11,1;18,05;19/02/2023 13:39;5,61;13/02/2023 0:07;75,53;90,1;18/02/2023 22:07;37,59;19/02/2023 15:37;0,97;69,97;5,92;14/02/2023 13:47;64,03;8,25;0,6;0;9,71;13/02/2023
30;107;2023;9;10,69;22,89;22/02/2023 12:06;2,53;25/02/2023 6:32;64,03;93;23/02/2023 8:37;19,42;26/02/2023 15:16;0,76;217,37;7,15;25/02/2023 14:03;261,4;13,8;0,5;0;12,88;20/02/2023
30;107;2023;10;8,48;17,19;05/03/2023 14:17;0,42;28/02/2023 4:56;48,79;88,6;05/03/2023 1:57;13,54;27/02/2023 15:11;0,99;251,2;6,39;28/02/2023 8:40;304,7;18,8;2,7;0;15,94;27/02/2023
30;107;2023;11;17,83;28,57;11/03/2023 12:41;5,95;06/03/2023 6:00;46,22;88,1;06/03/2023 5:28;14,74;11/03/2023 12:41;1,08;243,26;6,64;08/03/2023 13:36;178,8;16,94;0,3;0;21,95;06/03/2023
30;107;2023;12;14,96;26,16;13/03/2023 12:44;5,64;16/03/2023 5:14;55,85;93,3;16/03/2023 6:57;9,84;14/03/2023 10:20;0,94;190,91;6,94;13/03/2023 13:27;230;20,15;1,2;0;21,34;13/03/2023
30;107;2023;13;16,04;28,88;26/03/2023 16:47;5,34;22/03/2023 4:58;52,35;92,9;21/03/2023 8:08;8,6;23/03/2023 17:09;0,92;214,06;6,29;23/03/2023 14:39;195,6;22,76;0;0;24,9;20/03/2023
30;107;2023;14;17,63;31,24;31/03/2023 11:42;5,65;28/03/2023 4:05;44,55;90,7;30/03/2023 4:05;9,87;31/03/2023 9:52;1,08;201,17;7,68;31/03/2023 14:40;196,4;23,02;0;0;28,04;27/03/2023
30;107;2023;15;13,85;25,95;08/04/2023 12:33;4,21;06/04/2023 2:57;56,34;88,8;05/04/2023 6:04;8,83;08/04/2023 16:34;0,94;131,18;5,86;08/04/2023 15:23;162,8;24,72;0;0;25,92;03/04/2023
30;107;2023;16;18,59;31,2;12/04/2023 16:40;8,49;16/04/2023 23:55;47,95;92;12/04/2023 6:35;6,71;12/04/2023 16:48;1,12;195,49;10,8;12/04/2023 11:24;153,7;25;0;0;31,29;10/04/2023
30;107;2023;17;16,52;27,81;23/04/2023 11:51;6,92;17/04/2023 3:27;53,33;86,1;17/04/2023 5:39;18,23;21/04/2023 12:55;1,06;156,65;6,76;23/04/2023 15:38;193,2;25,64;0;0;30;17/04/2023
30;107;2023;18;21,29;33,59;29/04/2023 12:09;11,01;25/04/2023 2:56;52,13;89,1;27/04/2023 3:33;13,66;25/04/2023 15:45;0,96;142,87;5,72;25/04/2023 13:03;176,3;23,98;2,6;0;32,6;24/04/2023
30;107;2023;19;19,62;28,98;02/05/2023 11:50;10,81;04/05/2023 3:04;59,65;92,1;02/05/2023 5:45;18,03;06/05/2023 14:15;0,9;146,21;7,13;01/05/2023 14:19;158,4;25,77;0;0;32,92;01/05/2023
30;107;2023;20;18,69;29,12;09/05/2023 16:24;9,1;14/05/2023 3:35;63,71;91,8;13/05/2023 5:41;26,7;14/05/2023 11:39;0,92;149,4;6,21;14/05/2023 13:55;204,7;24,06;25,8;15,25;30,63;08/05/2023
30;107;2023;21;17,36;28,21;15/05/2023 12:47;10,64;20/05/2023 4:15;61,63;91,9;20/05/2023 5:38;11,31;16/05/2023 14:08;0,89;175,43;6,9;16/05/2023 14:20;220,5;23,8;12,7;6,63;29,66;15/05/2023
30;107;2023;22;17,66;24,9;25/05/2023 11:16;12,48;25/05/2023 3:57;77,19;93,1;23/05/2023 8:14;34,21;25/05/2023 11:08;0,8;90,64;6,62;27/05/2023 11:03;115,9;18,52;39,7;19,72;23,78;22/05/2023
30;107;2023;23;19,19;26,47;31/05/2023 12:37;13,38;01/06/2023 4:26;72,92;92,8;04/06/2023 5:52;34,88;29/05/2023 14:05;0,66;151,02;6;30/05/2023 13:32;188;21,2;40,9;23,91;27,3;29/05/2023
30;107;2023;24;21,31;31,03;10/06/2023 11:58;13,92;05/06/2023 3:36;71,02;92,7;09/06/2023 5:54;29,41;11/06/2023 13:07;0,69;145,19;5,57;10/06/2023 12:57;197,6;24,37;6,7;1,85;31,86;05/06/2023
30;107;2023;25;24,04;33,26;17/06/2023 14:08;16,03;16/06/2023 4:55;55,64;90;13/06/2023 5:49;18,13;18/06/2023 13:12;0,86;141,75;6,12;14/06/2023 16:02;186,2;28,16;0,8;0;39,14;12/06/2023
30;107;2023;26;25,42;34,19;25/06/2023 13:57;17,71;24/06/2023 3:52;53,38;88,6;20/06/2023 4:08;17,82;25/06/2023 12:13;0,94;158,97;6,41;19/06/2023 13:56;186,1;28,86;0;0;41,41;19/06/2023
30;107;2023;27;26,26;35,26;27/06/2023 14:00;18,94;28/06/2023 4:11;59,76;90,5;29/06/2023 5:32;18,79;27/06/2023 10:37;0,85;123,06;6,45;28/06/2023 13:26;55,08;26,5;0;0;38,83;26/06/2023
30;107;2023;28;26,76;35,83;09/07/2023 14:21;19,24;03/07/2023 4:12;63,1;88,8;04/07/2023 5:14;25,91;03/07/2023 11:16;0,81;114,73;6,29;08/07/2023 11:27;135,2;27,17;0;0;39,71;03/07/2023
30;107;2023;29;28,42;40,8;12/07/2023 11:28;21,36;14/07/2023 4:33;64,98;90,7;13/07/2023 5:18;20,4;11/07/2023 14:23;0,88;117,55;6,35;13/07/2023 12:21;118;26,25;0;0;40,75;10/07/2023
30;107;2023;30;29,13;41,66;19/07/2023 10:30;21,15;23/07/2023 5:04;63,43;93,1;21/07/2023 6:16;12,24;21/07/2023 11:44;0,76;117,05;5,55;17/07/2023 11:45;108;23,38;2,8;0;36,96;17/07/2023
30;107;2023;31;27,93;36,81;24/07/2023 16:31;19,98;25/07/2023 5:00;56,58;89,7;24/07/2023 5:20;19,63;25/07/2023 9:50;0,86;158,09;6,51;30/07/2023 11:53;75,11;26,24;0;0;39,39;24/07/2023
30;107;2023;32;27,55;37,39;03/08/2023 9:58;17,9;06/08/2023 2:45;52,77;87,6;01/08/2023 5:38;11,78;02/08/2023 17:55;0,99;154,76;6,74;04/08/2023 14:09;63,69;27,98;0;0;41,45;31/07/2023
30;107;2023;33;27,1;39,71;10/08/2023 16:06;19,98;08/08/2023 5:10;64,27;88;07/08/2023 2:48;18,65;10/08/2023 16:46;0,75;105,38;6;11/08/2023 9:44;103,6;25,4;0,2;0;36,68;07/08/2023
30;107;2023;34;27,58;37,79;19/08/2023 12:25;19,54;14/08/2023 5:17;63,52;90,5;16/08/2023 4:38;22,38;18/08/2023 10:34;0,74;130,17;5,23;18/08/2023 14:16;199,4;25,76;0;0;37,19;14/08/2023
30;107;2023;35;27,91;37,39;26/08/2023 13:23;18,4;25/08/2023 4:46;50,3;90,5;21/08/2023 6:14;12,55;27/08/2023 15:37;0,72;117,72;7,25;23/08/2023 11:59;135,7;25;0,1;0;35,84;21/08/2023
30;107;2023;36;23,88;34,09;29/08/2023 11:29;16,24;28/08/2023 4:56;60,73;92,2;03/09/2023 3:44;13,56;28/08/2023 13:31;0,91;165,05;7,25;03/09/2023 15:44;71,79;18;14,7;8,08;26,44;28/08/2023
30;107;2023;37;24,42;30,94;05/09/2023 12:19;18,06;10/09/2023 5:13;73,91;92,6;05/09/2023 6:12;38,49;09/09/2023 14:09;0,66;86,75;5,57;06/09/2023 12:47;117;18,51;0;0;25,23;04/09/2023
30;107;2023;38;23,99;30,64;11/09/2023 13:17;17,96;16/09/2023 0:38;74,5;92,9;15/09/2023 6:58;42,68;11/09/2023 13:16;0,75;116,41;5,53;14/09/2023 14:06;109,1;17,44;14,4;6,41;24,1;11/09/2023
30;107;2023;39;22,57;31,17;18/09/2023 14:10;13,78;23/09/2023 4:32;62,14;90,5;20/09/2023 6:26;24,77;23/09/2023 9:48;0,81;177,52;7,49;21/09/2023 15:34;176,2;19,11;0,2;0;24,32;18/09/2023
30;107;2023;40;21,66;32,18;01/10/2023 13:12;14,66;25/09/2023 3:09;67,21;91,4;30/09/2023 4:43;25,17;30/09/2023 11:48;0,57;130,08;4,8;26/09/2023 14:20;51,08;20,7;0;0;23,23;25/09/2023
30;107;2023;41;22,03;31,04;06/10/2023 12:43;14,79;07/10/2023 6:10;70,17;92,8;07/10/2023 6:35;25,47;06/10/2023 11:57;0,53;129,05;4,92;07/10/2023 14:22;35,05;19,17;0;0;21,18;02/10/2023
30;107;2023;42;20,56;28,5;13/10/2023 13:26;13,75;15/10/2023 6:15;69,64;91,3;12/10/2023 6:21;31,62;15/10/2023 10:52;0,54;188,72;5,47;14/10/2023 8:03;319,7;15,54;0;0;17,28;09/10/2023
30;107;2023;43;19,52;29,55;18/10/2023 15:40;9,36;22/10/2023 1:07;61,41;91;18/10/2023 3:12;25,18;18/10/2023 15:41;1,09;216,72;8,82;19/10/2023 16:04;174,6;13,62;2,8;0;17,66;16/10/2023
30;107;2023;44;18,59;28,71;26/10/2023 12:23;8,43;29/10/2023 5:46;55,09;92;23/10/2023 4:30;14,33;27/10/2023 15:29;0,8;222,78;6,57;24/10/2023 15:12;179,2;13,77;0;0;15,49;23/10/2023
30;107;2023;45;18,12;28,42;02/11/2023 12:45;9,23;01/11/2023 6:32;47,36;86,8;30/10/2023 6:10;21,19;05/11/2023 13:03;1,16;232,12;10,74;02/11/2023 14:11;269,9;12,16;0,3;0;16,6;30/10/2023
30;107;2023;46;15,06;27,46;12/11/2023 12:37;4,68;08/11/2023 6:42;52,99;86;09/11/2023 6:15;23,94;07/11/2023 12:58;0,63;227,06;5,49;07/11/2023 16:09;194,3;12,58;0;0;11,02;06/11/2023
30;107;2023;47;17,4;29;14/11/2023 14:14;8,42;19/11/2023 1:19;57,15;90,7;18/11/2023 7:26;19,27;14/11/2023 12:44;0,69;226,46;5,17;15/11/2023 1:39;267,4;12,34;0;0;11,63;13/11/2023
30;107;2023;48;13,36;23,1;25/11/2023 11:50;5,82;23/11/2023 23:08;53,56;91,2;26/11/2023 23:19;13,83;21/11/2023 14:30;0,64;250,87;5,21;24/11/2023 9:38;250;11,69;0;0;8,89;20/11/2023
30;107;2023;49;14,02;24,15;30/11/2023 12:03;4,7;27/11/2023 5:46;56,48;92,3;27/11/2023 5:58;24,62;02/12/2023 11:56;0,76;235,25;7,17;01/12/2023 9:04;176,2;9,67;0,1;0;8,98;27/11/2023
30;107;2023;50;12,79;23,65;10/12/2023 14:23;4,18;04/12/2023 2:03;68,75;93,9;07/12/2023 8:48;25,86;08/12/2023 13:33;0,56;243,4;4,96;10/12/2023 3:36;209,7;7,48;2,9;0;6,93;04/12/2023
30;107;2023;51;13,19;29,69;12/12/2023 13:20;1,23;16/12/2023 6:27;51,29;87;17/12/2023 0:58;14,4;12/12/2023 12:47;0,61;252,72;7,47;14/12/2023 6:56;215,4;9,42;0;0;7,6;11/12/2023
30;107;2023;52;10,7;20,51;20/12/2023 12:47;-0,68;19/12/2023 6:53;53,29;91,1;24/12/2023 23:09;15,69;19/12/2023 14:23;0,7;246,83;4,9;20/12/2023 12:17;284,3;10,06;0;0;7,45;18/12/2023
30;107;2023;53;9,42;20,66;31/12/2023 13:09;0,52;26/12/2023 7:10;67,69;94,9;25/12/2023 7:53;17,8;31/12/2023 12:30;0,45;238,65;4,19;31/12/2023 14:05;208;9,35;0,1;0;5,74;25/12/2023
30;107;2024;1;11,6;22,29;03/01/2024 13:00;3,61;02/01/2024 2:54;54,64;89,8;02/01/2024 21:34;21,07;07/01/2024 14:46;0,64;252,25;6,1;06/01/2024 1:41;256,8;8,8;0,1;0;7,48;01/01/2024
30;107;2024;2;11,12;25,88;14/01/2024 12:57;3,67;13/01/2024 7:20;65,63;93,4;10/01/2024 8:52;11,66;14/01/2024 18:23;0,56;181,53;5,14;14/01/2024 15:16;279,3;8,12;2,1;0;6,88;08/01/2024
30;107;2024;3;14,48;24,74;16/01/2024 14:34;5,62;21/01/2024 22:59;59,86;89,5;21/01/2024 23:49;20,01;16/01/2024 14:34;1,15;223,69;11,49;19/01/2024 13:51;209;6,49;0,7;0;10,97;15/01/2024
30;107;2024;4;13,29;26,94;25/01/2024 12:33;3,71;22/01/2024 6:02;61,11;90,5;22/01/2024 1:58;19,13;25/01/2024 11:35;0,72;215,5;4,63;28/01/2024 15:39;131;12,87;0;0;10,34;22/01/2024
30;107;2024;5;11,38;19,2;04/02/2024 13:18;2,46;04/02/2024 4:59;72,99;92,2;02/02/2024 7:46;35,6;04/02/2024 13:46;0,58;208,19;4,94;02/02/2024 11:56;77,46;9,63;0;0;8,25;29/01/2024
30;107;2024;6;13,39;23,4;07/02/2024 12:22;1,87;05/02/2024 6:49;53,88;93;06/02/2024 8:18;17,39;07/02/2024 13:09;1,1;235,8;8,13;09/02/2024 14:14;200,3;10,6;1,7;0;13,19;05/02/2024
30;107;2024;7;14,71;26,87;12/02/2024 13:43;5,26;18/02/2024 5:49;59,96;91,6;17/02/2024 1:55;17,72;12/02/2024 13:27;0,69;230,55;5,62;12/02/2024 13:37;267,9;13,94;0,1;0;13,52;12/02/2024
30;107;2024;8;14,28;26,47;22/02/2024 12:35;4,75;19/02/2024 6:50;51,98;92,8;19/02/2024 5:57;13;23/02/2024 14:35;1,25;234,71;10,27;22/02/2024 20:45;243,7;15,2;0;0;18,19;19/02/2024
30;107;2024;9;13,19;21,99;29/02/2024 13:17;2,87;02/03/2024 6:07;40,19;86,3;03/03/2024 0:07;11,99;01/03/2024 13:41;1,53;268,77;8,88;02/03/2024 17:53;239,8;16,04;1,8;0;20,41;26/02/2024
30;107;2024;10;12,88;21,02;05/03/2024 12:16;3,91;04/03/2024 5:52;59,22;91,2;08/03/2024 0:53;25,05;05/03/2024 12:17;1,56;220,1;11,23;09/03/2024 9:20;202,8;16,03;6,7;2,73;18,45;04/03/2024
30;107;2024;11;14,97;27,37;16/03/2024 11:58;4,58;13/03/2024 5:19;54,08;89;13/03/2024 0:58;17,99;17/03/2024 12:43;0,88;218,54;8,35;11/03/2024 11:24;208,3;20,99;0;0;21,78;11/03/2024
30;107;2024;12;17,31;29,7;18/03/2024 13:27;9,19;18/03/2024 6:21;55,05;91,8;24/03/2024 21:29;12,83;22/03/2024 14:34;1,11;104,4;7,57;21/03/2024 10:34;69,39;15,24;0;0;20,77;18/03/2024
30;107;2024;13;14,81;22,98;27/03/2024 13:07;6,92;30/03/2024 2:50;61,16;93,2;26/03/2024 2:44;22,71;27/03/2024 11:34;2,37;222,71;11,6;30/03/2024 13:06;126;15,59;3,5;0;23,34;25/03/2024
30;107;2024;14;16,68;27,34;05/04/2024 13:45;5,85;02/04/2024 5:18;52,4;89,9;05/04/2024 3:39;18,47;01/04/2024 14:05;0,99;162,35;8,78;01/04/2024 15:42;206,7;22,28;0;0;26,28;01/04/2024
30;107;2024;15;17,12;28,01;08/04/2024 11:47;6,45;10/04/2024 4:03;45,62;81,6;10/04/2024 2:29;9,77;09/04/2024 15:33;1,03;160,77;7,94;10/04/2024 11:17;208,2;25,35;0;0;29,65;08/04/2024
30;107;2024;16;16,96;32,65;16/04/2024 12:05;8,37;20/04/2024 0:41;58,19;90,8;19/04/2024 5:03;12,45;16/04/2024 10:45;0,97;127,67;5,96;15/04/2024 13:24;212,9;21,7;0,1;0;26,73;15/04/2024
30;107;2024;17;14,86;23,67;26/04/2024 12:17;6,96;25/04/2024 5:11;68,93;93,6;23/04/2024 6:01;14,61;23/04/2024 13:58;1,06;186,32;9,53;27/04/2024 14:48;198,8;20,75;22,5;12,42;24,71;22/04/2024
30;107;2024;18;16,56;29,15;05/05/2024 10:33;8,47;03/05/2024 5:02;53,46;92,8;29/04/2024 6:10;16,21;05/05/2024 15:37;1,07;226,52;6,98;01/05/2024 16:07;253,1;23,11;3,4;0;29,06;29/04/2024
30;107;2024;19;18,64;27,38;06/05/2024 12:52;10,2;09/05/2024 3:07;57,43;89,3;07/05/2024 0:52;23,98;10/05/2024 13:26;0,86;105,31;5,86;07/05/2024 16:10;28,09;25,27;0;0;30,86;06/05/2024
30;107;2024;20;19,72;31,36;14/05/2024 11:11;11,34;17/05/2024 3:24;50,57;91,7;14/05/2024 5:32;9,64;14/05/2024 18:41;1,18;193,41;8,53;16/05/2024 14:06;204,3;28,9;0;0;37,05;13/05/2024
30;107;2024;21;20,33;28,95;26/05/2024 11:36;11,08;23/05/2024 4:48;52,52;91,6;26/05/2024 5:29;21,75;20/05/2024 10:40;1,15;157,4;8,25;22/05/2024 13:18;210;28,7;0;0;37,2;20/05/2024
30;107;2024;22;21,6;34,33;30/05/2024 13:06;13,58;29/05/2024 4:46;61,97;90,7;31/05/2024 2:42;14,03;30/05/2024 16:23;1,03;95,17;6,53;27/05/2024 12:51;134,9;28,26;0,1;0;36,94;27/05/2024
30;107;2024;23;23,31;32,32;05/06/2024 14:37;13,88;04/06/2024 4:25;48,07;87;05/06/2024 4:55;20,48;06/06/2024 15:35;1,1;131,28;8,04;09/06/2024 13:31;191;27,06;0;0;38,62;03/06/2024
30;107;2024;24;22,35;35,3;15/06/2024 13:44;13,55;13/06/2024 3:15;64,14;94,2;13/06/2024 5:27;13,79;14/06/2024 14:21;0,88;143,02;6,72;15/06/2024 14:30;190;22,63;2,1;0;32,18;10/06/2024
30;107;2024;25;23,67;31,61;19/06/2024 11:50;16,71;22/06/2024 1:49;51,04;90,2;18/06/2024 5:10;20,24;22/06/2024 14:34;1,15;172,15;6,86;20/06/2024 14:53;193,8;29,73;0;0;41,91;17/06/2024
30;107;2024;26;24,45;32,52;30/06/2024 12:58;17,24;25/06/2024 4:41;57,77;87;26/06/2024 0:42;29,34;29/06/2024 8:57;1,09;102,11;7,13;29/06/2024 13:45;200,1;27,1;0;0;38,79;24/06/2024
30;107;2024;27;25,27;34,9;04/07/2024 12:02;17,63;02/07/2024 2:42;55,96;86,4;02/07/2024 6:28;14,53;04/07/2024 10:25;1,04;125,71;6,98;01/07/2024 11:44;101,5;28,89;0;0;41,43;01/07/2024
30;107;2024;28;26,54;38,83;12/07/2024 10:44;18,37;11/07/2024 4:59;61,56;89,1;08/07/2024 4:07;20,8;12/07/2024 10:49;1;138,48;6,39;08/07/2024 13:18;171,3;27,96;0;0;41,37;08/07/2024
30;107;2024;29;28,37;38,46;21/07/2024 11:06;18,57;15/07/2024 5:13;52,01;89,2;15/07/2024 5:20;15,97;21/07/2024 11:06;0,99;120,81;6,23;21/07/2024 14:59;90,8;27,42;0;0;42,43;15/07/2024
30;107;2024;30;27,09;37,03;25/07/2024 13:52;18,8;27/07/2024 5:14;57,93;91,4;27/07/2024 5:43;15,26;25/07/2024 13:48;0,92;97,06;6,47;28/07/2024 15:12;121,4;27,68;0;0;40,92;22/07/2024
30;107;2024;31;28,9;39,32;01/08/2024 13:00;20,89;31/07/2024 5:31;54,7;90,2;02/08/2024 6:06;18,55;30/07/2024 11:12;0,92;108,06;6,47;30/07/2024 10:51;107;26,24;0;0;40,86;29/07/2024
30;107;2024;32;28,05;37,89;06/08/2024 14:08;19,44;09/08/2024 5:20;53,18;94,1;06/08/2024 6:04;19,19;06/08/2024 14:08;0,93;92,43;6,29;10/08/2024 12:55;115,9;26,59;0;0;40,03;05/08/2024
30;107;2024;33;25,63;35,93;18/08/2024 12:36;18,97;15/08/2024 5:24;68,11;92,9;15/08/2024 4:52;29,53;12/08/2024 11:16;0,83;157,83;9,49;14/08/2024 12:04;115,5;23,64;15,5;7,97;33,96;12/08/2024
30;107;2024;34;26,9;34,05;24/08/2024 12:33;20,85;22/08/2024 4:13;67,55;91,3;25/08/2024 4:40;30,4;19/08/2024 15:58;0,9;122,89;6,15;25/08/2024 10:54;117,6;23,34;0;0;34,33;19/08/2024
30;107;2024;35;26,15;33,18;27/08/2024 13:16;21,04;01/09/2024 5:32;70,71;88,9;28/08/2024 6:06;40,23;28/08/2024 12:03;0,87;89,78;6,51;31/08/2024 12:44;112,7;19,54;0,1;0;29,03;26/08/2024
30;107;2024;36;25,62;32,25;08/09/2024 14:10;19,48;07/09/2024 5:32;68,14;90,2;02/09/2024 4:18;35,27;08/09/2024 14:11;1,03;167,37;7,58;03/09/2024 9:29;119,8;20,22;1,4;0;29,76;02/09/2024
30;107;2024;37;22,89;32,48;09/09/2024 10:30;13,78;15/09/2024 5:44;62,1;93,5;14/09/2024 3:02;21,07;09/09/2024 10:30;1,01;175,97;7,47;11/09/2024 14:10;143;21,11;4,8;0;28,51;09/09/2024
30;107;2024;38;21,58;29,06;16/09/2024 12:23;15,03;16/09/2024 5:30;72,53;94,5;22/09/2024 6:59;35,47;22/09/2024 11:28;0,79;117,77;7;22/09/2024 13:55;195;17,16;5,7;2,42;22,19;16/09/2024
30;107;2024;39;22,46;31,17;26/09/2024 10:35;14,76;24/09/2024 5:57;55,82;92;23/09/2024 2:25;24,43;25/09/2024 12:11;0,99;199,16;10,15;26/09/2024 15:21;221;18,52;0;0;24,86;23/09/2024
30;107;2024;40;22,55;32,48;02/10/2024 10:48;14,25;30/09/2024 5:49;64,35;94,6;05/10/2024 6:27;20,23;02/10/2024 10:19;0,9;201,58;8,09;02/10/2024 13:43;188,7;18,5;0;0;23,74;30/09/2024
30;107;2024;41;21,32;30,59;07/10/2024 11:44;13,55;12/10/2024 4:31;60,73;95;07/10/2024 7:39;24,26;08/10/2024 13:03;0,9;196,12;6,7;07/10/2024 14:52;189,5;13,86;0;0;18,94;07/10/2024
30;107;2024;42;20,36;28,32;20/10/2024 12:05;11,81;18/10/2024 1:22;61,57;96,3;15/10/2024 7:46;19,84;18/10/2024 15:28;0,98;217,69;7,13;16/10/2024 14:06;166;15,84;3,4;0,52;18,52;14/10/2024
30;107;2024;43;17,6;25,49;22/10/2024 11:02;9,46;27/10/2024 23:40;76,89;95,8;25/10/2024 6:51;22,93;26/10/2024 12:16;0,58;117,43;4,88;21/10/2024 12:02;92,8;10,9;11,2;4,62;11,49;21/10/2024
30;107;2024;44;17,33;24,16;01/11/2024 13:00;8,69;28/10/2024 4:17;80,76;96;28/10/2024 8:19;44,7;30/10/2024 14:35;0,82;87,99;8;29/10/2024 3:11;66,44;9,68;10,9;4,61;10,69;28/10/2024
